--------------------------------------------------------
--  File created - Tuesday-May-09-2017   
--------------------------------------------------------
--------------------------------------------------------
--  DDL for Table CUOC_PT_DIEN_RA
--------------------------------------------------------

  CREATE TABLE "SYSTEM"."CUOC_PT_DIEN_RA" 
   (	"MA_CUOC_PT" VARCHAR2(20 BYTE), 
	"MA_DOT" VARCHAR2(20 BYTE), 
	"MA_BN" VARCHAR2(20 BYTE), 
	"MA_CA" VARCHAR2(20 BYTE), 
	"MA_PHONG" VARCHAR2(20 BYTE), 
	"MA_KHU" VARCHAR2(20 BYTE)
   ) PCTFREE 10 PCTUSED 40 INITRANS 1 MAXTRANS 255 NOCOMPRESS LOGGING
  STORAGE(INITIAL 65536 NEXT 1048576 MINEXTENTS 1 MAXEXTENTS 2147483645
  PCTINCREASE 0 FREELISTS 1 FREELIST GROUPS 1 BUFFER_POOL DEFAULT FLASH_CACHE DEFAULT CELL_FLASH_CACHE DEFAULT)
  TABLESPACE "SYSTEM" ;
--------------------------------------------------------
--  DDL for Table BAC_SI
--------------------------------------------------------

  CREATE TABLE "SYSTEM"."BAC_SI" 
   (	"MA_BAC_SI" VARCHAR2(20 BYTE), 
	"LOAI_BAC_SI" VARCHAR2(20 BYTE)
   ) PCTFREE 10 PCTUSED 40 INITRANS 1 MAXTRANS 255 NOCOMPRESS LOGGING
  STORAGE(INITIAL 65536 NEXT 1048576 MINEXTENTS 1 MAXEXTENTS 2147483645
  PCTINCREASE 0 FREELISTS 1 FREELIST GROUPS 1 BUFFER_POOL DEFAULT FLASH_CACHE DEFAULT CELL_FLASH_CACHE DEFAULT)
  TABLESPACE "SYSTEM" ;
--------------------------------------------------------
--  DDL for Table BENH_NHAN
--------------------------------------------------------

  CREATE TABLE "SYSTEM"."BENH_NHAN" 
   (	"MA_BN" VARCHAR2(20 BYTE), 
	"TEN" VARCHAR2(20 BYTE), 
	"DIA_CHI" VARCHAR2(20 BYTE), 
	"LOAI_BN" VARCHAR2(20 BYTE), 
	"MA_NV_DANG_KY" VARCHAR2(20 BYTE), 
	"THOI_DIEM" TIMESTAMP (6)
   ) PCTFREE 10 PCTUSED 40 INITRANS 1 MAXTRANS 255 NOCOMPRESS LOGGING
  STORAGE(INITIAL 65536 NEXT 1048576 MINEXTENTS 1 MAXEXTENTS 2147483645
  PCTINCREASE 0 FREELISTS 1 FREELIST GROUPS 1 BUFFER_POOL DEFAULT FLASH_CACHE DEFAULT CELL_FLASH_CACHE DEFAULT)
  TABLESPACE "SYSTEM" ;
--------------------------------------------------------
--  DDL for Table BS_TIEN_HANH_PT
--------------------------------------------------------

  CREATE TABLE "SYSTEM"."BS_TIEN_HANH_PT" 
   (	"MA_CUOC_PT" VARCHAR2(20 BYTE), 
	"MA_DOT" VARCHAR2(20 BYTE), 
	"MA_BN" VARCHAR2(20 BYTE), 
	"MA_BS" VARCHAR2(20 BYTE), 
	"GIA_TREN_GIO" NUMBER(*,0)
   ) PCTFREE 10 PCTUSED 40 INITRANS 1 MAXTRANS 255 NOCOMPRESS LOGGING
  STORAGE(INITIAL 65536 NEXT 1048576 MINEXTENTS 1 MAXEXTENTS 2147483645
  PCTINCREASE 0 FREELISTS 1 FREELIST GROUPS 1 BUFFER_POOL DEFAULT FLASH_CACHE DEFAULT CELL_FLASH_CACHE DEFAULT)
  TABLESPACE "SYSTEM" ;
--------------------------------------------------------
--  DDL for Table CA_PHONG_NGHI
--------------------------------------------------------

  CREATE TABLE "SYSTEM"."CA_PHONG_NGHI" 
   (	"MA_CA" VARCHAR2(20 BYTE), 
	"MA_PHONG" VARCHAR2(20 BYTE), 
	"MA_KHU" VARCHAR2(20 BYTE), 
	"BAT_DAU" TIMESTAMP (6), 
	"KET_THUC" TIMESTAMP (6), 
	"MA_NV" VARCHAR2(20 BYTE)
   ) PCTFREE 10 PCTUSED 40 INITRANS 1 MAXTRANS 255 NOCOMPRESS LOGGING
  STORAGE(INITIAL 65536 NEXT 1048576 MINEXTENTS 1 MAXEXTENTS 2147483645
  PCTINCREASE 0 FREELISTS 1 FREELIST GROUPS 1 BUFFER_POOL DEFAULT FLASH_CACHE DEFAULT CELL_FLASH_CACHE DEFAULT)
  TABLESPACE "SYSTEM" ;
--------------------------------------------------------
--  DDL for Table CA_PHONG_PT
--------------------------------------------------------

  CREATE TABLE "SYSTEM"."CA_PHONG_PT" 
   (	"MA_CA" VARCHAR2(20 BYTE), 
	"MA_PHONG" VARCHAR2(20 BYTE), 
	"MA_KHU" VARCHAR2(20 BYTE), 
	"BAT_DAU" TIMESTAMP (6)
   ) PCTFREE 10 PCTUSED 40 INITRANS 1 MAXTRANS 255 NOCOMPRESS LOGGING
  STORAGE(INITIAL 65536 NEXT 1048576 MINEXTENTS 1 MAXEXTENTS 2147483645
  PCTINCREASE 0 FREELISTS 1 FREELIST GROUPS 1 BUFFER_POOL DEFAULT FLASH_CACHE DEFAULT CELL_FLASH_CACHE DEFAULT)
  TABLESPACE "SYSTEM" ;
--------------------------------------------------------
--  DDL for Table CA_TRUC
--------------------------------------------------------

  CREATE TABLE "SYSTEM"."CA_TRUC" 
   (	"MA_CA_PPT" VARCHAR2(20 BYTE), 
	"BAT_DAU" TIMESTAMP (6), 
	"KET_THUC" TIMESTAMP (6), 
	"MA_BS_TRUC" VARCHAR2(20 BYTE), 
	"MA_BS_TRUC_THAY" VARCHAR2(20 BYTE)
   ) PCTFREE 10 PCTUSED 40 INITRANS 1 MAXTRANS 255 NOCOMPRESS LOGGING
  STORAGE(INITIAL 65536 NEXT 1048576 MINEXTENTS 1 MAXEXTENTS 2147483645
  PCTINCREASE 0 FREELISTS 1 FREELIST GROUPS 1 BUFFER_POOL DEFAULT FLASH_CACHE DEFAULT CELL_FLASH_CACHE DEFAULT)
  TABLESPACE "SYSTEM" ;
--------------------------------------------------------
--  DDL for Table CUOC_PHAU_THUAT
--------------------------------------------------------

  CREATE TABLE "SYSTEM"."CUOC_PHAU_THUAT" 
   (	"MA_CUOC_PT" VARCHAR2(20 BYTE), 
	"MA_DOT" VARCHAR2(20 BYTE), 
	"MA_BN" VARCHAR2(20 BYTE), 
	"THOI_GIAN" NUMBER(*,0), 
	"BAT_DAU" TIMESTAMP (6), 
	"DO_KHO" NUMBER(*,0)
   ) PCTFREE 10 PCTUSED 40 INITRANS 1 MAXTRANS 255 NOCOMPRESS LOGGING
  STORAGE(INITIAL 65536 NEXT 1048576 MINEXTENTS 1 MAXEXTENTS 2147483645
  PCTINCREASE 0 FREELISTS 1 FREELIST GROUPS 1 BUFFER_POOL DEFAULT FLASH_CACHE DEFAULT CELL_FLASH_CACHE DEFAULT)
  TABLESPACE "SYSTEM" ;
--------------------------------------------------------
--  DDL for Table DIEU_DUONG_TRUC_PPT
--------------------------------------------------------

  CREATE TABLE "SYSTEM"."DIEU_DUONG_TRUC_PPT" 
   (	"MA_CA" VARCHAR2(20 BYTE), 
	"MA_PHONG" VARCHAR2(20 BYTE), 
	"MA_KHU" VARCHAR2(20 BYTE), 
	"MA_NHAN_VIEN" VARCHAR2(20 BYTE)
   ) PCTFREE 10 PCTUSED 40 INITRANS 1 MAXTRANS 255 NOCOMPRESS LOGGING
  STORAGE(INITIAL 65536 NEXT 1048576 MINEXTENTS 1 MAXEXTENTS 2147483645
  PCTINCREASE 0 FREELISTS 1 FREELIST GROUPS 1 BUFFER_POOL DEFAULT FLASH_CACHE DEFAULT CELL_FLASH_CACHE DEFAULT)
  TABLESPACE "SYSTEM" ;
--------------------------------------------------------
--  DDL for Table DON_HANG
--------------------------------------------------------

  CREATE TABLE "SYSTEM"."DON_HANG" 
   (	"MA_DON_HANG" VARCHAR2(20 BYTE), 
	"NGAY_DAT" DATE, 
	"MA_NV" VARCHAR2(20 BYTE)
   ) PCTFREE 10 PCTUSED 40 INITRANS 1 MAXTRANS 255 NOCOMPRESS LOGGING
  STORAGE(INITIAL 65536 NEXT 1048576 MINEXTENTS 1 MAXEXTENTS 2147483645
  PCTINCREASE 0 FREELISTS 1 FREELIST GROUPS 1 BUFFER_POOL DEFAULT FLASH_CACHE DEFAULT CELL_FLASH_CACHE DEFAULT)
  TABLESPACE "SYSTEM" ;
--------------------------------------------------------
--  DDL for Table DON_HANG_GOM
--------------------------------------------------------

  CREATE TABLE "SYSTEM"."DON_HANG_GOM" 
   (	"MA_DON_HANG" VARCHAR2(20 BYTE), 
	"MA_DUNG_CU" VARCHAR2(20 BYTE), 
	"SO_LUONG_DAT" NUMBER(*,0)
   ) PCTFREE 10 PCTUSED 40 INITRANS 1 MAXTRANS 255 NOCOMPRESS LOGGING
  STORAGE(INITIAL 65536 NEXT 1048576 MINEXTENTS 1 MAXEXTENTS 2147483645
  PCTINCREASE 0 FREELISTS 1 FREELIST GROUPS 1 BUFFER_POOL DEFAULT FLASH_CACHE DEFAULT CELL_FLASH_CACHE DEFAULT)
  TABLESPACE "SYSTEM" ;
--------------------------------------------------------
--  DDL for Table DOT_DIEU_TRI
--------------------------------------------------------

  CREATE TABLE "SYSTEM"."DOT_DIEU_TRI" 
   (	"MA_DOT" VARCHAR2(20 BYTE), 
	"MA_BN" VARCHAR2(20 BYTE), 
	"BAT_DAU" TIMESTAMP (6), 
	"KET_THUC" TIMESTAMP (6), 
	"NHIP_TIME" NUMBER(*,0), 
	"TINH_TRANG_HUYET_AP" VARCHAR2(50 BYTE), 
	"THAN_NHIET" NUMBER(*,0), 
	"MA_BS" VARCHAR2(20 BYTE)
   ) PCTFREE 10 PCTUSED 40 INITRANS 1 MAXTRANS 255 NOCOMPRESS LOGGING
  STORAGE(INITIAL 65536 NEXT 1048576 MINEXTENTS 1 MAXEXTENTS 2147483645
  PCTINCREASE 0 FREELISTS 1 FREELIST GROUPS 1 BUFFER_POOL DEFAULT FLASH_CACHE DEFAULT CELL_FLASH_CACHE DEFAULT)
  TABLESPACE "SYSTEM" ;
--------------------------------------------------------
--  DDL for Table DUNG_CU
--------------------------------------------------------

  CREATE TABLE "SYSTEM"."DUNG_CU" 
   (	"MA_DUNG_CU" VARCHAR2(20 BYTE), 
	"TEN_DUNG_CU" VARCHAR2(50 BYTE), 
	"SO_LUONG_CON" NUMBER(*,0), 
	"GIA" NUMBER(*,0)
   ) PCTFREE 10 PCTUSED 40 INITRANS 1 MAXTRANS 255 NOCOMPRESS LOGGING
  STORAGE(INITIAL 65536 NEXT 1048576 MINEXTENTS 1 MAXEXTENTS 2147483645
  PCTINCREASE 0 FREELISTS 1 FREELIST GROUPS 1 BUFFER_POOL DEFAULT FLASH_CACHE DEFAULT CELL_FLASH_CACHE DEFAULT)
  TABLESPACE "SYSTEM" ;
--------------------------------------------------------
--  DDL for Table DUNG_CU_PT
--------------------------------------------------------

  CREATE TABLE "SYSTEM"."DUNG_CU_PT" 
   (	"MA_CUOC_PT" VARCHAR2(20 BYTE), 
	"MA_DOT" VARCHAR2(20 BYTE), 
	"MA_BN" VARCHAR2(20 BYTE), 
	"MA_DUNG_CU" VARCHAR2(20 BYTE), 
	"SO_LUONG" NUMBER(*,0)
   ) PCTFREE 10 PCTUSED 40 INITRANS 1 MAXTRANS 255 NOCOMPRESS LOGGING
  STORAGE(INITIAL 65536 NEXT 1048576 MINEXTENTS 1 MAXEXTENTS 2147483645
  PCTINCREASE 0 FREELISTS 1 FREELIST GROUPS 1 BUFFER_POOL DEFAULT FLASH_CACHE DEFAULT CELL_FLASH_CACHE DEFAULT)
  TABLESPACE "SYSTEM" ;
--------------------------------------------------------
--  DDL for Table GIUONG
--------------------------------------------------------

  CREATE TABLE "SYSTEM"."GIUONG" 
   (	"MA_PHONG" VARCHAR2(20 BYTE), 
	"MA_KHU" VARCHAR2(20 BYTE), 
	"MA_GIUONG" VARCHAR2(20 BYTE), 
	"MA_BN_DANG_NAM" VARCHAR2(20 BYTE)
   ) PCTFREE 10 PCTUSED 40 INITRANS 1 MAXTRANS 255 NOCOMPRESS LOGGING
  STORAGE(INITIAL 65536 NEXT 1048576 MINEXTENTS 1 MAXEXTENTS 2147483645
  PCTINCREASE 0 FREELISTS 1 FREELIST GROUPS 1 BUFFER_POOL DEFAULT FLASH_CACHE DEFAULT CELL_FLASH_CACHE DEFAULT)
  TABLESPACE "SYSTEM" ;
--------------------------------------------------------
--  DDL for Table KE_THUOC_NGOAI_TRU
--------------------------------------------------------

  CREATE TABLE "SYSTEM"."KE_THUOC_NGOAI_TRU" 
   (	"SO_TT" NUMBER(*,0), 
	"MA_BN" VARCHAR2(20 BYTE), 
	"MA_THUOC" VARCHAR2(20 BYTE), 
	"SO_LUONG" NUMBER(*,0), 
	"LIEU_DUNG" VARCHAR2(20 BYTE)
   ) PCTFREE 10 PCTUSED 40 INITRANS 1 MAXTRANS 255 NOCOMPRESS LOGGING
  STORAGE(INITIAL 65536 NEXT 1048576 MINEXTENTS 1 MAXEXTENTS 2147483645
  PCTINCREASE 0 FREELISTS 1 FREELIST GROUPS 1 BUFFER_POOL DEFAULT FLASH_CACHE DEFAULT CELL_FLASH_CACHE DEFAULT)
  TABLESPACE "SYSTEM" ;
--------------------------------------------------------
--  DDL for Table KE_THUOC_NOI_TRU
--------------------------------------------------------

  CREATE TABLE "SYSTEM"."KE_THUOC_NOI_TRU" 
   (	"MA_DOT" VARCHAR2(20 BYTE), 
	"MA_BN" VARCHAR2(20 BYTE), 
	"MA_THUOC" VARCHAR2(20 BYTE), 
	"SO_LUONG" NUMBER(*,0), 
	"LIEU_DUNG" VARCHAR2(20 BYTE)
   ) PCTFREE 10 PCTUSED 40 INITRANS 1 MAXTRANS 255 NOCOMPRESS LOGGING
  STORAGE(INITIAL 65536 NEXT 1048576 MINEXTENTS 1 MAXEXTENTS 2147483645
  PCTINCREASE 0 FREELISTS 1 FREELIST GROUPS 1 BUFFER_POOL DEFAULT FLASH_CACHE DEFAULT CELL_FLASH_CACHE DEFAULT)
  TABLESPACE "SYSTEM" ;
--------------------------------------------------------
--  DDL for Table KHU
--------------------------------------------------------

  CREATE TABLE "SYSTEM"."KHU" 
   (	"MA_KHU" VARCHAR2(20 BYTE), 
	"TEN_KHU" VARCHAR2(20 BYTE), 
	"DAC_TINH" VARCHAR2(20 BYTE)
   ) PCTFREE 10 PCTUSED 40 INITRANS 1 MAXTRANS 255 NOCOMPRESS LOGGING
  STORAGE(INITIAL 65536 NEXT 1048576 MINEXTENTS 1 MAXEXTENTS 2147483645
  PCTINCREASE 0 FREELISTS 1 FREELIST GROUPS 1 BUFFER_POOL DEFAULT FLASH_CACHE DEFAULT CELL_FLASH_CACHE DEFAULT)
  TABLESPACE "SYSTEM" ;
--------------------------------------------------------
--  DDL for Table LAN_KHAM_BENH
--------------------------------------------------------

  CREATE TABLE "SYSTEM"."LAN_KHAM_BENH" 
   (	"SO_TT" NUMBER(*,0), 
	"MA_BN" VARCHAR2(20 BYTE), 
	"MO_TA_BENH_AN" VARCHAR2(50 BYTE), 
	"NGAY_HEN_KE_TIEP" DATE, 
	"MA_BS" VARCHAR2(20 BYTE)
   ) PCTFREE 10 PCTUSED 40 INITRANS 1 MAXTRANS 255 NOCOMPRESS LOGGING
  STORAGE(INITIAL 65536 NEXT 1048576 MINEXTENTS 1 MAXEXTENTS 2147483645
  PCTINCREASE 0 FREELISTS 1 FREELIST GROUPS 1 BUFFER_POOL DEFAULT FLASH_CACHE DEFAULT CELL_FLASH_CACHE DEFAULT)
  TABLESPACE "SYSTEM" ;
--------------------------------------------------------
--  DDL for Table LOG_CUOC_PT_DIEN_RA
--------------------------------------------------------

  CREATE TABLE "SYSTEM"."LOG_CUOC_PT_DIEN_RA" 
   (	"MA_CUOC_PT" VARCHAR2(20 BYTE), 
	"MA_BN" VARCHAR2(20 BYTE), 
	"MA_CA" VARCHAR2(20 BYTE), 
	"MA_PHONG" VARCHAR2(20 BYTE), 
	"MA_KHU" VARCHAR2(20 BYTE)
   ) PCTFREE 10 PCTUSED 40 INITRANS 1 MAXTRANS 255 NOCOMPRESS LOGGING
  STORAGE(INITIAL 65536 NEXT 1048576 MINEXTENTS 1 MAXEXTENTS 2147483645
  PCTINCREASE 0 FREELISTS 1 FREELIST GROUPS 1 BUFFER_POOL DEFAULT FLASH_CACHE DEFAULT CELL_FLASH_CACHE DEFAULT)
  TABLESPACE "SYSTEM" ;
--------------------------------------------------------
--  DDL for Table NHAN_VIEN
--------------------------------------------------------

  CREATE TABLE "SYSTEM"."NHAN_VIEN" 
   (	"MA_NHAN_VIEN" VARCHAR2(20 BYTE), 
	"TEN" VARCHAR2(20 BYTE), 
	"LUONG" NUMBER(*,0), 
	"LOAI_NV" VARCHAR2(20 BYTE)
   ) PCTFREE 10 PCTUSED 40 INITRANS 1 MAXTRANS 255 NOCOMPRESS LOGGING
  STORAGE(INITIAL 65536 NEXT 1048576 MINEXTENTS 1 MAXEXTENTS 2147483645
  PCTINCREASE 0 FREELISTS 1 FREELIST GROUPS 1 BUFFER_POOL DEFAULT FLASH_CACHE DEFAULT CELL_FLASH_CACHE DEFAULT)
  TABLESPACE "SYSTEM" ;
--------------------------------------------------------
--  DDL for Table PHONG
--------------------------------------------------------

  CREATE TABLE "SYSTEM"."PHONG" 
   (	"MA_PHONG" VARCHAR2(20 BYTE), 
	"MA_KHU" VARCHAR2(20 BYTE), 
	"DIEN_TICH" FLOAT(126), 
	"LOAI_PHONG" NUMBER(*,0)
   ) PCTFREE 10 PCTUSED 40 INITRANS 1 MAXTRANS 255 NOCOMPRESS LOGGING
  STORAGE(INITIAL 65536 NEXT 1048576 MINEXTENTS 1 MAXEXTENTS 2147483645
  PCTINCREASE 0 FREELISTS 1 FREELIST GROUPS 1 BUFFER_POOL DEFAULT FLASH_CACHE DEFAULT CELL_FLASH_CACHE DEFAULT)
  TABLESPACE "SYSTEM" ;
--------------------------------------------------------
--  DDL for Table PHONG_NGHI_BN
--------------------------------------------------------

  CREATE TABLE "SYSTEM"."PHONG_NGHI_BN" 
   (	"MA_PHONG" VARCHAR2(20 BYTE), 
	"MA_KHU" VARCHAR2(20 BYTE), 
	"MUC_GIA" NUMBER(*,0), 
	"SO_GIUONG" NUMBER(*,0)
   ) PCTFREE 10 PCTUSED 40 INITRANS 1 MAXTRANS 255 NOCOMPRESS LOGGING
  STORAGE(INITIAL 65536 NEXT 1048576 MINEXTENTS 1 MAXEXTENTS 2147483645
  PCTINCREASE 0 FREELISTS 1 FREELIST GROUPS 1 BUFFER_POOL DEFAULT FLASH_CACHE DEFAULT CELL_FLASH_CACHE DEFAULT)
  TABLESPACE "SYSTEM" ;
--------------------------------------------------------
--  DDL for Table PHONG_PHAU_THUAT
--------------------------------------------------------

  CREATE TABLE "SYSTEM"."PHONG_PHAU_THUAT" 
   (	"MA_PHONG" VARCHAR2(20 BYTE), 
	"MA_KHU" VARCHAR2(20 BYTE)
   ) PCTFREE 10 PCTUSED 40 INITRANS 1 MAXTRANS 255 NOCOMPRESS LOGGING
  STORAGE(INITIAL 65536 NEXT 1048576 MINEXTENTS 1 MAXEXTENTS 2147483645
  PCTINCREASE 0 FREELISTS 1 FREELIST GROUPS 1 BUFFER_POOL DEFAULT FLASH_CACHE DEFAULT CELL_FLASH_CACHE DEFAULT)
  TABLESPACE "SYSTEM" ;
--------------------------------------------------------
--  DDL for Table SDT_BENH_NHAN
--------------------------------------------------------

  CREATE TABLE "SYSTEM"."SDT_BENH_NHAN" 
   (	"MA_BN" VARCHAR2(20 BYTE), 
	"SDT" VARCHAR2(20 BYTE)
   ) PCTFREE 10 PCTUSED 40 INITRANS 1 MAXTRANS 255 NOCOMPRESS LOGGING
  STORAGE(INITIAL 65536 NEXT 1048576 MINEXTENTS 1 MAXEXTENTS 2147483645
  PCTINCREASE 0 FREELISTS 1 FREELIST GROUPS 1 BUFFER_POOL DEFAULT FLASH_CACHE DEFAULT CELL_FLASH_CACHE DEFAULT)
  TABLESPACE "SYSTEM" ;
--------------------------------------------------------
--  DDL for Table SDT_NHAN_VIEN
--------------------------------------------------------

  CREATE TABLE "SYSTEM"."SDT_NHAN_VIEN" 
   (	"MA_NV" VARCHAR2(20 BYTE), 
	"SDT" VARCHAR2(20 BYTE)
   ) PCTFREE 10 PCTUSED 40 INITRANS 1 MAXTRANS 255 NOCOMPRESS LOGGING
  STORAGE(INITIAL 65536 NEXT 1048576 MINEXTENTS 1 MAXEXTENTS 2147483645
  PCTINCREASE 0 FREELISTS 1 FREELIST GROUPS 1 BUFFER_POOL DEFAULT FLASH_CACHE DEFAULT CELL_FLASH_CACHE DEFAULT)
  TABLESPACE "SYSTEM" ;
--------------------------------------------------------
--  DDL for Table THONG_KE_TIEN_PT
--------------------------------------------------------

  CREATE TABLE "SYSTEM"."THONG_KE_TIEN_PT" 
   (	"MA_BS" VARCHAR2(20 BYTE), 
	"THANG" NUMBER(*,0), 
	"TONG_TIEN" NUMBER(*,0) DEFAULT 0, 
	"SO_CUOC_PT_THAM_GIA" NUMBER(*,0) DEFAULT 0
   ) PCTFREE 10 PCTUSED 40 INITRANS 1 MAXTRANS 255 NOCOMPRESS LOGGING
  STORAGE(INITIAL 65536 NEXT 1048576 MINEXTENTS 1 MAXEXTENTS 2147483645
  PCTINCREASE 0 FREELISTS 1 FREELIST GROUPS 1 BUFFER_POOL DEFAULT FLASH_CACHE DEFAULT CELL_FLASH_CACHE DEFAULT)
  TABLESPACE "SYSTEM" ;
--------------------------------------------------------
--  DDL for Table THUOC
--------------------------------------------------------

  CREATE TABLE "SYSTEM"."THUOC" 
   (	"MA_THUOC" VARCHAR2(20 BYTE), 
	"TEN_THUOC" VARCHAR2(20 BYTE), 
	"DON_GIA" NUMBER(*,0)
   ) PCTFREE 10 PCTUSED 40 INITRANS 1 MAXTRANS 255 NOCOMPRESS LOGGING
  STORAGE(INITIAL 65536 NEXT 1048576 MINEXTENTS 1 MAXEXTENTS 2147483645
  PCTINCREASE 0 FREELISTS 1 FREELIST GROUPS 1 BUFFER_POOL DEFAULT FLASH_CACHE DEFAULT CELL_FLASH_CACHE DEFAULT)
  TABLESPACE "SYSTEM" ;
--------------------------------------------------------
--  DDL for Table TIEN_SU_BENH
--------------------------------------------------------

  CREATE TABLE "SYSTEM"."TIEN_SU_BENH" 
   (	"MA_BN" VARCHAR2(20 BYTE), 
	"TIEN_SU_BENH" VARCHAR2(50 BYTE)
   ) PCTFREE 10 PCTUSED 40 INITRANS 1 MAXTRANS 255 NOCOMPRESS LOGGING
  STORAGE(INITIAL 65536 NEXT 1048576 MINEXTENTS 1 MAXEXTENTS 2147483645
  PCTINCREASE 0 FREELISTS 1 FREELIST GROUPS 1 BUFFER_POOL DEFAULT FLASH_CACHE DEFAULT CELL_FLASH_CACHE DEFAULT)
  TABLESPACE "SYSTEM" ;
--------------------------------------------------------
--  DDL for Table TRANG_BI_PHONG
--------------------------------------------------------

  CREATE TABLE "SYSTEM"."TRANG_BI_PHONG" 
   (	"MA_PHONG" VARCHAR2(20 BYTE), 
	"MA_KHU" VARCHAR2(20 BYTE), 
	"TRANG_BI" VARCHAR2(20 BYTE)
   ) PCTFREE 10 PCTUSED 40 INITRANS 1 MAXTRANS 255 NOCOMPRESS LOGGING
  STORAGE(INITIAL 65536 NEXT 1048576 MINEXTENTS 1 MAXEXTENTS 2147483645
  PCTINCREASE 0 FREELISTS 1 FREELIST GROUPS 1 BUFFER_POOL DEFAULT FLASH_CACHE DEFAULT CELL_FLASH_CACHE DEFAULT)
  TABLESPACE "SYSTEM" ;
REM INSERTING into SYSTEM.CUOC_PT_DIEN_RA
SET DEFINE OFF;
Insert into SYSTEM.CUOC_PT_DIEN_RA (MA_CUOC_PT,MA_DOT,MA_BN,MA_CA,MA_PHONG,MA_KHU) values ('1','1','1','1','1','2');
Insert into SYSTEM.CUOC_PT_DIEN_RA (MA_CUOC_PT,MA_DOT,MA_BN,MA_CA,MA_PHONG,MA_KHU) values ('2','2','2','1','2','2');
Insert into SYSTEM.CUOC_PT_DIEN_RA (MA_CUOC_PT,MA_DOT,MA_BN,MA_CA,MA_PHONG,MA_KHU) values ('3','3','3','1','3','2');
Insert into SYSTEM.CUOC_PT_DIEN_RA (MA_CUOC_PT,MA_DOT,MA_BN,MA_CA,MA_PHONG,MA_KHU) values ('4','4','4','1','4','2');
REM INSERTING into SYSTEM.BAC_SI
SET DEFINE OFF;
Insert into SYSTEM.BAC_SI (MA_BAC_SI,LOAI_BAC_SI) values ('1','1');
Insert into SYSTEM.BAC_SI (MA_BAC_SI,LOAI_BAC_SI) values ('2','1');
Insert into SYSTEM.BAC_SI (MA_BAC_SI,LOAI_BAC_SI) values ('3','0');
Insert into SYSTEM.BAC_SI (MA_BAC_SI,LOAI_BAC_SI) values ('4','0');
Insert into SYSTEM.BAC_SI (MA_BAC_SI,LOAI_BAC_SI) values ('5','1');
Insert into SYSTEM.BAC_SI (MA_BAC_SI,LOAI_BAC_SI) values ('6','1');
Insert into SYSTEM.BAC_SI (MA_BAC_SI,LOAI_BAC_SI) values ('7','1');
REM INSERTING into SYSTEM.BENH_NHAN
SET DEFINE OFF;
Insert into SYSTEM.BENH_NHAN (MA_BN,TEN,DIA_CHI,LOAI_BN,MA_NV_DANG_KY,THOI_DIEM) values ('1','HOANG LE GIA PHU','GIO LINH-QUANG TRI','1','11',to_timestamp('04-MAY-17 05.33.13.355000000 AM','DD-MON-RR HH.MI.SSXFF AM'));
Insert into SYSTEM.BENH_NHAN (MA_BN,TEN,DIA_CHI,LOAI_BN,MA_NV_DANG_KY,THOI_DIEM) values ('2','NGUYEN VAN THANH','GIO LINH-QUANG TRI','1','12',to_timestamp('03-MAY-17 05.33.32.490000000 AM','DD-MON-RR HH.MI.SSXFF AM'));
Insert into SYSTEM.BENH_NHAN (MA_BN,TEN,DIA_CHI,LOAI_BN,MA_NV_DANG_KY,THOI_DIEM) values ('3','NGUYEN VAN DUC','CAN THO','1','13',to_timestamp('03-MAY-17 05.33.58.802000000 AM','DD-MON-RR HH.MI.SSXFF AM'));
Insert into SYSTEM.BENH_NHAN (MA_BN,TEN,DIA_CHI,LOAI_BN,MA_NV_DANG_KY,THOI_DIEM) values ('4','NGUYEN THANH PHUONG','HUE','1','11',to_timestamp('01-MAY-17 05.34.17.410000000 AM','DD-MON-RR HH.MI.SSXFF AM'));
Insert into SYSTEM.BENH_NHAN (MA_BN,TEN,DIA_CHI,LOAI_BN,MA_NV_DANG_KY,THOI_DIEM) values ('5','HOANG LE CHANH TU','GIO LINH-QUANG TRI','1','12',to_timestamp('07-MAY-17 08.52.06.000000000 PM','DD-MON-RR HH.MI.SSXFF AM'));
Insert into SYSTEM.BENH_NHAN (MA_BN,TEN,DIA_CHI,LOAI_BN,MA_NV_DANG_KY,THOI_DIEM) values ('15','LE HUU MINH','BINH TAN','0','11',to_timestamp('30-APR-17 12.00.00.000000000 AM','DD-MON-RR HH.MI.SSXFF AM'));
Insert into SYSTEM.BENH_NHAN (MA_BN,TEN,DIA_CHI,LOAI_BN,MA_NV_DANG_KY,THOI_DIEM) values ('16','LE HUU KINH','GIO LINH','0','13',to_timestamp('11-MAY-17 03.17.06.528000000 PM','DD-MON-RR HH.MI.SSXFF AM'));
REM INSERTING into SYSTEM.BS_TIEN_HANH_PT
SET DEFINE OFF;
Insert into SYSTEM.BS_TIEN_HANH_PT (MA_CUOC_PT,MA_DOT,MA_BN,MA_BS,GIA_TREN_GIO) values ('1','1','1','1',50);
Insert into SYSTEM.BS_TIEN_HANH_PT (MA_CUOC_PT,MA_DOT,MA_BN,MA_BS,GIA_TREN_GIO) values ('2','2','2','2',90);
Insert into SYSTEM.BS_TIEN_HANH_PT (MA_CUOC_PT,MA_DOT,MA_BN,MA_BS,GIA_TREN_GIO) values ('3','3','3','3',60);
Insert into SYSTEM.BS_TIEN_HANH_PT (MA_CUOC_PT,MA_DOT,MA_BN,MA_BS,GIA_TREN_GIO) values ('4','4','4','4',100);
REM INSERTING into SYSTEM.CA_PHONG_NGHI
SET DEFINE OFF;
Insert into SYSTEM.CA_PHONG_NGHI (MA_CA,MA_PHONG,MA_KHU,BAT_DAU,KET_THUC,MA_NV) values ('1','1','1',to_timestamp('07-MAY-17 05.32.15.957000000 PM','DD-MON-RR HH.MI.SSXFF AM'),to_timestamp('08-MAY-17 05.32.17.976000000 PM','DD-MON-RR HH.MI.SSXFF AM'),'8');
Insert into SYSTEM.CA_PHONG_NGHI (MA_CA,MA_PHONG,MA_KHU,BAT_DAU,KET_THUC,MA_NV) values ('1','2','1',to_timestamp('07-MAY-17 05.32.33.835000000 PM','DD-MON-RR HH.MI.SSXFF AM'),to_timestamp('08-MAY-17 05.32.39.882000000 PM','DD-MON-RR HH.MI.SSXFF AM'),'9');
Insert into SYSTEM.CA_PHONG_NGHI (MA_CA,MA_PHONG,MA_KHU,BAT_DAU,KET_THUC,MA_NV) values ('1','3','1',to_timestamp('08-MAY-17 05.33.00.026000000 PM','DD-MON-RR HH.MI.SSXFF AM'),to_timestamp('09-MAY-17 05.33.03.330000000 PM','DD-MON-RR HH.MI.SSXFF AM'),'10');
Insert into SYSTEM.CA_PHONG_NGHI (MA_CA,MA_PHONG,MA_KHU,BAT_DAU,KET_THUC,MA_NV) values ('1','4','1',to_timestamp('08-MAY-17 05.33.12.075000000 PM','DD-MON-RR HH.MI.SSXFF AM'),to_timestamp('09-MAY-17 05.33.16.391000000 PM','DD-MON-RR HH.MI.SSXFF AM'),'17');
Insert into SYSTEM.CA_PHONG_NGHI (MA_CA,MA_PHONG,MA_KHU,BAT_DAU,KET_THUC,MA_NV) values ('2','1','1',to_timestamp('09-MAY-17 03.22.27.421000000 PM','DD-MON-RR HH.MI.SSXFF AM'),to_timestamp('10-MAY-17 03.22.32.238000000 PM','DD-MON-RR HH.MI.SSXFF AM'),'8');
Insert into SYSTEM.CA_PHONG_NGHI (MA_CA,MA_PHONG,MA_KHU,BAT_DAU,KET_THUC,MA_NV) values ('2','2','1',to_timestamp('09-MAY-17 03.22.44.502000000 PM','DD-MON-RR HH.MI.SSXFF AM'),to_timestamp('10-MAY-17 03.22.47.805000000 PM','DD-MON-RR HH.MI.SSXFF AM'),'9');
Insert into SYSTEM.CA_PHONG_NGHI (MA_CA,MA_PHONG,MA_KHU,BAT_DAU,KET_THUC,MA_NV) values ('2','3','1',to_timestamp('09-MAY-17 03.22.57.679000000 PM','DD-MON-RR HH.MI.SSXFF AM'),to_timestamp('10-MAY-17 03.23.01.375000000 PM','DD-MON-RR HH.MI.SSXFF AM'),'10');
Insert into SYSTEM.CA_PHONG_NGHI (MA_CA,MA_PHONG,MA_KHU,BAT_DAU,KET_THUC,MA_NV) values ('2','4','1',to_timestamp('09-MAY-17 03.24.29.357000000 PM','DD-MON-RR HH.MI.SSXFF AM'),to_timestamp('10-MAY-17 03.24.32.933000000 PM','DD-MON-RR HH.MI.SSXFF AM'),'17');
REM INSERTING into SYSTEM.CA_PHONG_PT
SET DEFINE OFF;
Insert into SYSTEM.CA_PHONG_PT (MA_CA,MA_PHONG,MA_KHU,BAT_DAU) values ('1','1','2',to_timestamp('04-MAY-17 05.49.54.979000000 AM','DD-MON-RR HH.MI.SSXFF AM'));
Insert into SYSTEM.CA_PHONG_PT (MA_CA,MA_PHONG,MA_KHU,BAT_DAU) values ('1','2','2',to_timestamp('04-MAY-17 05.50.24.914000000 AM','DD-MON-RR HH.MI.SSXFF AM'));
Insert into SYSTEM.CA_PHONG_PT (MA_CA,MA_PHONG,MA_KHU,BAT_DAU) values ('1','3','2',to_timestamp('04-MAY-17 05.50.32.618000000 AM','DD-MON-RR HH.MI.SSXFF AM'));
Insert into SYSTEM.CA_PHONG_PT (MA_CA,MA_PHONG,MA_KHU,BAT_DAU) values ('1','4','2',to_timestamp('04-MAY-17 05.50.38.754000000 AM','DD-MON-RR HH.MI.SSXFF AM'));
REM INSERTING into SYSTEM.CA_TRUC
SET DEFINE OFF;
Insert into SYSTEM.CA_TRUC (MA_CA_PPT,BAT_DAU,KET_THUC,MA_BS_TRUC,MA_BS_TRUC_THAY) values ('1',to_timestamp('04-MAY-17 05.28.00.496000000 AM','DD-MON-RR HH.MI.SSXFF AM'),to_timestamp('04-MAY-17 05.28.08.031000000 PM','DD-MON-RR HH.MI.SSXFF AM'),'1','2');
Insert into SYSTEM.CA_TRUC (MA_CA_PPT,BAT_DAU,KET_THUC,MA_BS_TRUC,MA_BS_TRUC_THAY) values ('2',to_timestamp('04-MAY-17 05.28.35.648000000 PM','DD-MON-RR HH.MI.SSXFF AM'),to_timestamp('05-MAY-17 05.29.11.208000000 AM','DD-MON-RR HH.MI.SSXFF AM'),'3','4');
Insert into SYSTEM.CA_TRUC (MA_CA_PPT,BAT_DAU,KET_THUC,MA_BS_TRUC,MA_BS_TRUC_THAY) values ('3',to_timestamp('05-MAY-17 05.29.46.513000000 AM','DD-MON-RR HH.MI.SSXFF AM'),to_timestamp('05-MAY-17 05.29.49.128000000 PM','DD-MON-RR HH.MI.SSXFF AM'),'2','1');
Insert into SYSTEM.CA_TRUC (MA_CA_PPT,BAT_DAU,KET_THUC,MA_BS_TRUC,MA_BS_TRUC_THAY) values ('4',to_timestamp('05-MAY-17 05.30.12.287000000 PM','DD-MON-RR HH.MI.SSXFF AM'),to_timestamp('06-MAY-17 05.30.23.554000000 AM','DD-MON-RR HH.MI.SSXFF AM'),'4','3');
REM INSERTING into SYSTEM.CUOC_PHAU_THUAT
SET DEFINE OFF;
Insert into SYSTEM.CUOC_PHAU_THUAT (MA_CUOC_PT,MA_DOT,MA_BN,THOI_GIAN,BAT_DAU,DO_KHO) values ('1','1','1',24,to_timestamp('11-MAY-17 05.39.06.434000000 AM','DD-MON-RR HH.MI.SSXFF AM'),2);
Insert into SYSTEM.CUOC_PHAU_THUAT (MA_CUOC_PT,MA_DOT,MA_BN,THOI_GIAN,BAT_DAU,DO_KHO) values ('2','2','2',30,to_timestamp('12-MAY-17 05.39.23.594000000 AM','DD-MON-RR HH.MI.SSXFF AM'),3);
Insert into SYSTEM.CUOC_PHAU_THUAT (MA_CUOC_PT,MA_DOT,MA_BN,THOI_GIAN,BAT_DAU,DO_KHO) values ('3','3','3',22,to_timestamp('12-MAY-17 05.39.36.248000000 AM','DD-MON-RR HH.MI.SSXFF AM'),3);
Insert into SYSTEM.CUOC_PHAU_THUAT (MA_CUOC_PT,MA_DOT,MA_BN,THOI_GIAN,BAT_DAU,DO_KHO) values ('4','4','4',44,to_timestamp('13-MAY-17 05.39.46.996000000 AM','DD-MON-RR HH.MI.SSXFF AM'),2);
Insert into SYSTEM.CUOC_PHAU_THUAT (MA_CUOC_PT,MA_DOT,MA_BN,THOI_GIAN,BAT_DAU,DO_KHO) values ('5','1','5',30,to_timestamp('11-MAY-17 06.02.35.237000000 PM','DD-MON-RR HH.MI.SSXFF AM'),2);
REM INSERTING into SYSTEM.DIEU_DUONG_TRUC_PPT
SET DEFINE OFF;
Insert into SYSTEM.DIEU_DUONG_TRUC_PPT (MA_CA,MA_PHONG,MA_KHU,MA_NHAN_VIEN) values ('1','1','2','8');
Insert into SYSTEM.DIEU_DUONG_TRUC_PPT (MA_CA,MA_PHONG,MA_KHU,MA_NHAN_VIEN) values ('1','2','2','7');
Insert into SYSTEM.DIEU_DUONG_TRUC_PPT (MA_CA,MA_PHONG,MA_KHU,MA_NHAN_VIEN) values ('1','3','2','10');
Insert into SYSTEM.DIEU_DUONG_TRUC_PPT (MA_CA,MA_PHONG,MA_KHU,MA_NHAN_VIEN) values ('1','4','2','8');
REM INSERTING into SYSTEM.DON_HANG
SET DEFINE OFF;
Insert into SYSTEM.DON_HANG (MA_DON_HANG,NGAY_DAT,MA_NV) values ('1',to_date('01-MAY-17','DD-MON-RR'),'8');
Insert into SYSTEM.DON_HANG (MA_DON_HANG,NGAY_DAT,MA_NV) values ('2',to_date('02-MAY-17','DD-MON-RR'),'9');
Insert into SYSTEM.DON_HANG (MA_DON_HANG,NGAY_DAT,MA_NV) values ('3',to_date('02-MAY-17','DD-MON-RR'),'10');
Insert into SYSTEM.DON_HANG (MA_DON_HANG,NGAY_DAT,MA_NV) values ('4',to_date('19-MAY-17','DD-MON-RR'),'9');
Insert into SYSTEM.DON_HANG (MA_DON_HANG,NGAY_DAT,MA_NV) values ('5',to_date('07-MAY-17','DD-MON-RR'),'8');
REM INSERTING into SYSTEM.DON_HANG_GOM
SET DEFINE OFF;
Insert into SYSTEM.DON_HANG_GOM (MA_DON_HANG,MA_DUNG_CU,SO_LUONG_DAT) values ('1','123456',30);
Insert into SYSTEM.DON_HANG_GOM (MA_DON_HANG,MA_DUNG_CU,SO_LUONG_DAT) values ('1','123',40);
Insert into SYSTEM.DON_HANG_GOM (MA_DON_HANG,MA_DUNG_CU,SO_LUONG_DAT) values ('2','123456',71);
Insert into SYSTEM.DON_HANG_GOM (MA_DON_HANG,MA_DUNG_CU,SO_LUONG_DAT) values ('2','123',102);
Insert into SYSTEM.DON_HANG_GOM (MA_DON_HANG,MA_DUNG_CU,SO_LUONG_DAT) values ('5','1',500);
REM INSERTING into SYSTEM.DOT_DIEU_TRI
SET DEFINE OFF;
Insert into SYSTEM.DOT_DIEU_TRI (MA_DOT,MA_BN,BAT_DAU,KET_THUC,NHIP_TIME,TINH_TRANG_HUYET_AP,THAN_NHIET,MA_BS) values ('1','1',to_timestamp('08-MAY-17 05.36.42.276000000 AM','DD-MON-RR HH.MI.SSXFF AM'),to_timestamp('17-MAY-17 05.36.49.546000000 AM','DD-MON-RR HH.MI.SSXFF AM'),111,'TOT',39,'1');
Insert into SYSTEM.DOT_DIEU_TRI (MA_DOT,MA_BN,BAT_DAU,KET_THUC,NHIP_TIME,TINH_TRANG_HUYET_AP,THAN_NHIET,MA_BS) values ('2','2',to_timestamp('06-MAY-17 05.37.08.698000000 AM','DD-MON-RR HH.MI.SSXFF AM'),to_timestamp('18-MAY-17 05.37.12.378000000 AM','DD-MON-RR HH.MI.SSXFF AM'),111,'TOT',37,'2');
Insert into SYSTEM.DOT_DIEU_TRI (MA_DOT,MA_BN,BAT_DAU,KET_THUC,NHIP_TIME,TINH_TRANG_HUYET_AP,THAN_NHIET,MA_BS) values ('3','3',to_timestamp('08-MAY-17 05.37.27.339000000 AM','DD-MON-RR HH.MI.SSXFF AM'),to_timestamp('19-MAY-17 05.37.31.874000000 AM','DD-MON-RR HH.MI.SSXFF AM'),111,'TOT',37,'3');
Insert into SYSTEM.DOT_DIEU_TRI (MA_DOT,MA_BN,BAT_DAU,KET_THUC,NHIP_TIME,TINH_TRANG_HUYET_AP,THAN_NHIET,MA_BS) values ('4','4',to_timestamp('10-MAY-17 05.37.48.810000000 AM','DD-MON-RR HH.MI.SSXFF AM'),to_timestamp('19-MAY-17 05.37.53.524000000 AM','DD-MON-RR HH.MI.SSXFF AM'),111,'TOT',32,'3');
Insert into SYSTEM.DOT_DIEU_TRI (MA_DOT,MA_BN,BAT_DAU,KET_THUC,NHIP_TIME,TINH_TRANG_HUYET_AP,THAN_NHIET,MA_BS) values ('1','5',to_timestamp('08-MAY-17 03.14.04.471000000 PM','DD-MON-RR HH.MI.SSXFF AM'),to_timestamp('27-MAY-17 03.14.08.715000000 PM','DD-MON-RR HH.MI.SSXFF AM'),120,'TOT',37,'2');
Insert into SYSTEM.DOT_DIEU_TRI (MA_DOT,MA_BN,BAT_DAU,KET_THUC,NHIP_TIME,TINH_TRANG_HUYET_AP,THAN_NHIET,MA_BS) values ('2','5',to_timestamp('27-MAY-17 03.14.28.988000000 PM','DD-MON-RR HH.MI.SSXFF AM'),to_timestamp('31-MAY-17 03.14.33.689000000 PM','DD-MON-RR HH.MI.SSXFF AM'),150,'TOT',37,'1');
REM INSERTING into SYSTEM.DUNG_CU
SET DEFINE OFF;
Insert into SYSTEM.DUNG_CU (MA_DUNG_CU,TEN_DUNG_CU,SO_LUONG_CON,GIA) values ('123456','KEO',192,50);
Insert into SYSTEM.DUNG_CU (MA_DUNG_CU,TEN_DUNG_CU,SO_LUONG_CON,GIA) values ('123','KIM',182,100);
Insert into SYSTEM.DUNG_CU (MA_DUNG_CU,TEN_DUNG_CU,SO_LUONG_CON,GIA) values ('3','CHI',20,50);
Insert into SYSTEM.DUNG_CU (MA_DUNG_CU,TEN_DUNG_CU,SO_LUONG_CON,GIA) values ('2','KEM',50,100);
Insert into SYSTEM.DUNG_CU (MA_DUNG_CU,TEN_DUNG_CU,SO_LUONG_CON,GIA) values ('1','GANG TAY CA NHAN',1500,2);
REM INSERTING into SYSTEM.DUNG_CU_PT
SET DEFINE OFF;
Insert into SYSTEM.DUNG_CU_PT (MA_CUOC_PT,MA_DOT,MA_BN,MA_DUNG_CU,SO_LUONG) values ('1','1','1','3',2);
Insert into SYSTEM.DUNG_CU_PT (MA_CUOC_PT,MA_DOT,MA_BN,MA_DUNG_CU,SO_LUONG) values ('1','1','1','2',1);
Insert into SYSTEM.DUNG_CU_PT (MA_CUOC_PT,MA_DOT,MA_BN,MA_DUNG_CU,SO_LUONG) values ('2','2','2','2',2);
REM INSERTING into SYSTEM.GIUONG
SET DEFINE OFF;
Insert into SYSTEM.GIUONG (MA_PHONG,MA_KHU,MA_GIUONG,MA_BN_DANG_NAM) values ('1','1','1','1');
Insert into SYSTEM.GIUONG (MA_PHONG,MA_KHU,MA_GIUONG,MA_BN_DANG_NAM) values ('1','1','2','2');
Insert into SYSTEM.GIUONG (MA_PHONG,MA_KHU,MA_GIUONG,MA_BN_DANG_NAM) values ('2','1','1','3');
Insert into SYSTEM.GIUONG (MA_PHONG,MA_KHU,MA_GIUONG,MA_BN_DANG_NAM) values ('2','1','3','5');
Insert into SYSTEM.GIUONG (MA_PHONG,MA_KHU,MA_GIUONG,MA_BN_DANG_NAM) values ('3','1','4','4');
REM INSERTING into SYSTEM.KE_THUOC_NGOAI_TRU
SET DEFINE OFF;
Insert into SYSTEM.KE_THUOC_NGOAI_TRU (SO_TT,MA_BN,MA_THUOC,SO_LUONG,LIEU_DUNG) values (1,'15','1',100,'3 L  / 1N');
Insert into SYSTEM.KE_THUOC_NGOAI_TRU (SO_TT,MA_BN,MA_THUOC,SO_LUONG,LIEU_DUNG) values (1,'16','2',50,'2  L /1 N');
Insert into SYSTEM.KE_THUOC_NGOAI_TRU (SO_TT,MA_BN,MA_THUOC,SO_LUONG,LIEU_DUNG) values (2,'15','1',50,'2  L /1 N');
Insert into SYSTEM.KE_THUOC_NGOAI_TRU (SO_TT,MA_BN,MA_THUOC,SO_LUONG,LIEU_DUNG) values (2,'16','2',40,'2  L /1 N');
REM INSERTING into SYSTEM.KE_THUOC_NOI_TRU
SET DEFINE OFF;
Insert into SYSTEM.KE_THUOC_NOI_TRU (MA_DOT,MA_BN,MA_THUOC,SO_LUONG,LIEU_DUNG) values ('1','1','1',30,'3 L / 1 N 1V/1L');
Insert into SYSTEM.KE_THUOC_NOI_TRU (MA_DOT,MA_BN,MA_THUOC,SO_LUONG,LIEU_DUNG) values ('1','1','2',50,'3 L / 1 N 2V/1L');
Insert into SYSTEM.KE_THUOC_NOI_TRU (MA_DOT,MA_BN,MA_THUOC,SO_LUONG,LIEU_DUNG) values ('2','2','1',10,'3 L / 1 N 1V/1L');
Insert into SYSTEM.KE_THUOC_NOI_TRU (MA_DOT,MA_BN,MA_THUOC,SO_LUONG,LIEU_DUNG) values ('2','2','2',20,'3 L / 1 N 3V/1L');
Insert into SYSTEM.KE_THUOC_NOI_TRU (MA_DOT,MA_BN,MA_THUOC,SO_LUONG,LIEU_DUNG) values ('1','1','3',30,'3 L / 1 N 2V/1L');
Insert into SYSTEM.KE_THUOC_NOI_TRU (MA_DOT,MA_BN,MA_THUOC,SO_LUONG,LIEU_DUNG) values ('2','2','3',50,'3 L / 1 N 1V/1L');
Insert into SYSTEM.KE_THUOC_NOI_TRU (MA_DOT,MA_BN,MA_THUOC,SO_LUONG,LIEU_DUNG) values ('2','2','4',100,'3 L / 1 N 1V/1L');
Insert into SYSTEM.KE_THUOC_NOI_TRU (MA_DOT,MA_BN,MA_THUOC,SO_LUONG,LIEU_DUNG) values ('3','3','1',80,'3 L / 1 N 2V/1L');
Insert into SYSTEM.KE_THUOC_NOI_TRU (MA_DOT,MA_BN,MA_THUOC,SO_LUONG,LIEU_DUNG) values ('3','3','4',90,'3 L / 1 N 1V/1L');
Insert into SYSTEM.KE_THUOC_NOI_TRU (MA_DOT,MA_BN,MA_THUOC,SO_LUONG,LIEU_DUNG) values ('4','4','1',20,'3 L / 1 N 3V/1L');
Insert into SYSTEM.KE_THUOC_NOI_TRU (MA_DOT,MA_BN,MA_THUOC,SO_LUONG,LIEU_DUNG) values ('4','4','2',15,'3 L / 1 N 3V/1L');
REM INSERTING into SYSTEM.KHU
SET DEFINE OFF;
Insert into SYSTEM.KHU (MA_KHU,TEN_KHU,DAC_TINH) values ('1','NGHI','1');
Insert into SYSTEM.KHU (MA_KHU,TEN_KHU,DAC_TINH) values ('2','PHAU THUAT','2');
Insert into SYSTEM.KHU (MA_KHU,TEN_KHU,DAC_TINH) values ('3','THAN KINH','3');
Insert into SYSTEM.KHU (MA_KHU,TEN_KHU,DAC_TINH) values ('4','DA LIEU','4');
Insert into SYSTEM.KHU (MA_KHU,TEN_KHU,DAC_TINH) values ('5','CAC BANH KHAC','5');
REM INSERTING into SYSTEM.LAN_KHAM_BENH
SET DEFINE OFF;
Insert into SYSTEM.LAN_KHAM_BENH (SO_TT,MA_BN,MO_TA_BENH_AN,NGAY_HEN_KE_TIEP,MA_BS) values (2,'15','GAY CHAN',to_date('30-MAY-17','DD-MON-RR'),'1');
Insert into SYSTEM.LAN_KHAM_BENH (SO_TT,MA_BN,MO_TA_BENH_AN,NGAY_HEN_KE_TIEP,MA_BS) values (2,'16','THIEU NGU',to_date('18-MAY-17','DD-MON-RR'),'2');
Insert into SYSTEM.LAN_KHAM_BENH (SO_TT,MA_BN,MO_TA_BENH_AN,NGAY_HEN_KE_TIEP,MA_BS) values (1,'16','MAT KHA NANG NGHE',to_date('23-MAY-17','DD-MON-RR'),'3');
Insert into SYSTEM.LAN_KHAM_BENH (SO_TT,MA_BN,MO_TA_BENH_AN,NGAY_HEN_KE_TIEP,MA_BS) values (1,'15','MET MOI, MAT NGU',to_date('18-MAY-17','DD-MON-RR'),'1');
REM INSERTING into SYSTEM.LOG_CUOC_PT_DIEN_RA
SET DEFINE OFF;
REM INSERTING into SYSTEM.NHAN_VIEN
SET DEFINE OFF;
Insert into SYSTEM.NHAN_VIEN (MA_NHAN_VIEN,TEN,LUONG,LOAI_NV) values ('1','HOANG LE CHANH TU',3000,'1');
Insert into SYSTEM.NHAN_VIEN (MA_NHAN_VIEN,TEN,LUONG,LOAI_NV) values ('2','LE VAN THANH',4000,'1');
Insert into SYSTEM.NHAN_VIEN (MA_NHAN_VIEN,TEN,LUONG,LOAI_NV) values ('3','VAN MINH HAO',5000,'1');
Insert into SYSTEM.NHAN_VIEN (MA_NHAN_VIEN,TEN,LUONG,LOAI_NV) values ('4','MAI LE THONG',2500,'1');
Insert into SYSTEM.NHAN_VIEN (MA_NHAN_VIEN,TEN,LUONG,LOAI_NV) values ('5','DUONG MINH TAI',1500,'1');
Insert into SYSTEM.NHAN_VIEN (MA_NHAN_VIEN,TEN,LUONG,LOAI_NV) values ('6','HOANG HIEP SY',2000,'1');
Insert into SYSTEM.NHAN_VIEN (MA_NHAN_VIEN,TEN,LUONG,LOAI_NV) values ('7','VO XUAN MINH TUAN',2200,'1');
Insert into SYSTEM.NHAN_VIEN (MA_NHAN_VIEN,TEN,LUONG,LOAI_NV) values ('9','DUONG BA THIEN',1600,'2');
Insert into SYSTEM.NHAN_VIEN (MA_NHAN_VIEN,TEN,LUONG,LOAI_NV) values ('10','HOANG VAN DUC',1400,'2');
Insert into SYSTEM.NHAN_VIEN (MA_NHAN_VIEN,TEN,LUONG,LOAI_NV) values ('8','VO VAN DAI',1500,'2');
Insert into SYSTEM.NHAN_VIEN (MA_NHAN_VIEN,TEN,LUONG,LOAI_NV) values ('11','LE THI THU',3000,'3');
Insert into SYSTEM.NHAN_VIEN (MA_NHAN_VIEN,TEN,LUONG,LOAI_NV) values ('12','MAI THI LY',3000,'3');
Insert into SYSTEM.NHAN_VIEN (MA_NHAN_VIEN,TEN,LUONG,LOAI_NV) values ('13','VO THI TAM',4000,'3');
Insert into SYSTEM.NHAN_VIEN (MA_NHAN_VIEN,TEN,LUONG,LOAI_NV) values ('15','NGUYEN THI DUYEN',1000,'4');
Insert into SYSTEM.NHAN_VIEN (MA_NHAN_VIEN,TEN,LUONG,LOAI_NV) values ('16','NGUYEN THI HANG',1000,'4');
Insert into SYSTEM.NHAN_VIEN (MA_NHAN_VIEN,TEN,LUONG,LOAI_NV) values ('17','VO VAN QUAN',3500,'2');
REM INSERTING into SYSTEM.PHONG
SET DEFINE OFF;
Insert into SYSTEM.PHONG (MA_PHONG,MA_KHU,DIEN_TICH,LOAI_PHONG) values ('1','1',300,1);
Insert into SYSTEM.PHONG (MA_PHONG,MA_KHU,DIEN_TICH,LOAI_PHONG) values ('2','2',300,2);
Insert into SYSTEM.PHONG (MA_PHONG,MA_KHU,DIEN_TICH,LOAI_PHONG) values ('3','2',3000,4);
Insert into SYSTEM.PHONG (MA_PHONG,MA_KHU,DIEN_TICH,LOAI_PHONG) values ('4','2',333,2);
Insert into SYSTEM.PHONG (MA_PHONG,MA_KHU,DIEN_TICH,LOAI_PHONG) values ('1','2',500,1);
Insert into SYSTEM.PHONG (MA_PHONG,MA_KHU,DIEN_TICH,LOAI_PHONG) values ('2','1',300,1);
Insert into SYSTEM.PHONG (MA_PHONG,MA_KHU,DIEN_TICH,LOAI_PHONG) values ('3','1',500,1);
Insert into SYSTEM.PHONG (MA_PHONG,MA_KHU,DIEN_TICH,LOAI_PHONG) values ('4','1',500,1);
REM INSERTING into SYSTEM.PHONG_NGHI_BN
SET DEFINE OFF;
Insert into SYSTEM.PHONG_NGHI_BN (MA_PHONG,MA_KHU,MUC_GIA,SO_GIUONG) values ('1','1',50,5);
Insert into SYSTEM.PHONG_NGHI_BN (MA_PHONG,MA_KHU,MUC_GIA,SO_GIUONG) values ('2','1',50,5);
Insert into SYSTEM.PHONG_NGHI_BN (MA_PHONG,MA_KHU,MUC_GIA,SO_GIUONG) values ('3','1',50,5);
Insert into SYSTEM.PHONG_NGHI_BN (MA_PHONG,MA_KHU,MUC_GIA,SO_GIUONG) values ('4','1',100,5);
REM INSERTING into SYSTEM.PHONG_PHAU_THUAT
SET DEFINE OFF;
Insert into SYSTEM.PHONG_PHAU_THUAT (MA_PHONG,MA_KHU) values ('1','2');
Insert into SYSTEM.PHONG_PHAU_THUAT (MA_PHONG,MA_KHU) values ('2','2');
Insert into SYSTEM.PHONG_PHAU_THUAT (MA_PHONG,MA_KHU) values ('3','2');
Insert into SYSTEM.PHONG_PHAU_THUAT (MA_PHONG,MA_KHU) values ('4','2');
REM INSERTING into SYSTEM.SDT_BENH_NHAN
SET DEFINE OFF;
Insert into SYSTEM.SDT_BENH_NHAN (MA_BN,SDT) values ('1','0915025468');
Insert into SYSTEM.SDT_BENH_NHAN (MA_BN,SDT) values ('1','16283644690');
Insert into SYSTEM.SDT_BENH_NHAN (MA_BN,SDT) values ('3','0123456999');
REM INSERTING into SYSTEM.SDT_NHAN_VIEN
SET DEFINE OFF;
Insert into SYSTEM.SDT_NHAN_VIEN (MA_NV,SDT) values ('1','0123456789');
Insert into SYSTEM.SDT_NHAN_VIEN (MA_NV,SDT) values ('1','0123654789');
Insert into SYSTEM.SDT_NHAN_VIEN (MA_NV,SDT) values ('2','1234568880');
Insert into SYSTEM.SDT_NHAN_VIEN (MA_NV,SDT) values ('3','1235896580');
Insert into SYSTEM.SDT_NHAN_VIEN (MA_NV,SDT) values ('4','0915025469');
Insert into SYSTEM.SDT_NHAN_VIEN (MA_NV,SDT) values ('5','01698976314');
Insert into SYSTEM.SDT_NHAN_VIEN (MA_NV,SDT) values ('6','0948787879');
Insert into SYSTEM.SDT_NHAN_VIEN (MA_NV,SDT) values ('7','01698976312');
REM INSERTING into SYSTEM.THONG_KE_TIEN_PT
SET DEFINE OFF;
Insert into SYSTEM.THONG_KE_TIEN_PT (MA_BS,THANG,TONG_TIEN,SO_CUOC_PT_THAM_GIA) values ('1',5,2400,1);
Insert into SYSTEM.THONG_KE_TIEN_PT (MA_BS,THANG,TONG_TIEN,SO_CUOC_PT_THAM_GIA) values ('2',5,4500,1);
Insert into SYSTEM.THONG_KE_TIEN_PT (MA_BS,THANG,TONG_TIEN,SO_CUOC_PT_THAM_GIA) values ('3',5,3300,1);
Insert into SYSTEM.THONG_KE_TIEN_PT (MA_BS,THANG,TONG_TIEN,SO_CUOC_PT_THAM_GIA) values ('4',5,4400,1);
REM INSERTING into SYSTEM.THUOC
SET DEFINE OFF;
Insert into SYSTEM.THUOC (MA_THUOC,TEN_THUOC,DON_GIA) values ('1','	
Safaria',100);
Insert into SYSTEM.THUOC (MA_THUOC,TEN_THUOC,DON_GIA) values ('2','Omega 3',20);
Insert into SYSTEM.THUOC (MA_THUOC,TEN_THUOC,DON_GIA) values ('3','Aldactone',25);
Insert into SYSTEM.THUOC (MA_THUOC,TEN_THUOC,DON_GIA) values ('4','	
Acular',25);
REM INSERTING into SYSTEM.TIEN_SU_BENH
SET DEFINE OFF;
Insert into SYSTEM.TIEN_SU_BENH (MA_BN,TIEN_SU_BENH) values ('1','QUAI BI, TIEU DUONG, VIEM HONG');
Insert into SYSTEM.TIEN_SU_BENH (MA_BN,TIEN_SU_BENH) values ('2','GAY CHAN TRAI, GAY CHAN PHAI');
Insert into SYSTEM.TIEN_SU_BENH (MA_BN,TIEN_SU_BENH) values ('3','SOT SUAT HUYET');
REM INSERTING into SYSTEM.TRANG_BI_PHONG
SET DEFINE OFF;
Insert into SYSTEM.TRANG_BI_PHONG (MA_PHONG,MA_KHU,TRANG_BI) values ('1','1','MAY DIEU HOA');
Insert into SYSTEM.TRANG_BI_PHONG (MA_PHONG,MA_KHU,TRANG_BI) values ('1','1','MAY GIAT');
Insert into SYSTEM.TRANG_BI_PHONG (MA_PHONG,MA_KHU,TRANG_BI) values ('1','1','MAY HUT BUI');
Insert into SYSTEM.TRANG_BI_PHONG (MA_PHONG,MA_KHU,TRANG_BI) values ('1','1','TIVI');
--------------------------------------------------------
--  DDL for Index SYS_C0011085
--------------------------------------------------------

  CREATE UNIQUE INDEX "SYSTEM"."SYS_C0011085" ON "SYSTEM"."CUOC_PT_DIEN_RA" ("MA_CA", "MA_PHONG", "MA_KHU", "MA_CUOC_PT", "MA_BN", "MA_DOT") 
  PCTFREE 10 INITRANS 2 MAXTRANS 255 COMPUTE STATISTICS 
  STORAGE(INITIAL 65536 NEXT 1048576 MINEXTENTS 1 MAXEXTENTS 2147483645
  PCTINCREASE 0 FREELISTS 1 FREELIST GROUPS 1 BUFFER_POOL DEFAULT FLASH_CACHE DEFAULT CELL_FLASH_CACHE DEFAULT)
  TABLESPACE "SYSTEM" ;
--------------------------------------------------------
--  DDL for Index BACSI_PK
--------------------------------------------------------

  CREATE UNIQUE INDEX "SYSTEM"."BACSI_PK" ON "SYSTEM"."BAC_SI" ("MA_BAC_SI") 
  PCTFREE 10 INITRANS 2 MAXTRANS 255 COMPUTE STATISTICS 
  STORAGE(INITIAL 65536 NEXT 1048576 MINEXTENTS 1 MAXEXTENTS 2147483645
  PCTINCREASE 0 FREELISTS 1 FREELIST GROUPS 1 BUFFER_POOL DEFAULT FLASH_CACHE DEFAULT CELL_FLASH_CACHE DEFAULT)
  TABLESPACE "SYSTEM" ;
--------------------------------------------------------
--  DDL for Index SYS_C0011060
--------------------------------------------------------

  CREATE UNIQUE INDEX "SYSTEM"."SYS_C0011060" ON "SYSTEM"."BENH_NHAN" ("MA_BN") 
  PCTFREE 10 INITRANS 2 MAXTRANS 255 COMPUTE STATISTICS 
  STORAGE(INITIAL 65536 NEXT 1048576 MINEXTENTS 1 MAXEXTENTS 2147483645
  PCTINCREASE 0 FREELISTS 1 FREELIST GROUPS 1 BUFFER_POOL DEFAULT FLASH_CACHE DEFAULT CELL_FLASH_CACHE DEFAULT)
  TABLESPACE "SYSTEM" ;
--------------------------------------------------------
--  DDL for Index SYS_C0011083
--------------------------------------------------------

  CREATE UNIQUE INDEX "SYSTEM"."SYS_C0011083" ON "SYSTEM"."BS_TIEN_HANH_PT" ("MA_CUOC_PT", "MA_DOT", "MA_BN", "MA_BS") 
  PCTFREE 10 INITRANS 2 MAXTRANS 255 COMPUTE STATISTICS 
  STORAGE(INITIAL 65536 NEXT 1048576 MINEXTENTS 1 MAXEXTENTS 2147483645
  PCTINCREASE 0 FREELISTS 1 FREELIST GROUPS 1 BUFFER_POOL DEFAULT FLASH_CACHE DEFAULT CELL_FLASH_CACHE DEFAULT)
  TABLESPACE "SYSTEM" ;
--------------------------------------------------------
--  DDL for Index SYS_C0011079
--------------------------------------------------------

  CREATE UNIQUE INDEX "SYSTEM"."SYS_C0011079" ON "SYSTEM"."CA_PHONG_NGHI" ("MA_CA", "MA_PHONG", "MA_KHU") 
  PCTFREE 10 INITRANS 2 MAXTRANS 255 COMPUTE STATISTICS 
  STORAGE(INITIAL 65536 NEXT 1048576 MINEXTENTS 1 MAXEXTENTS 2147483645
  PCTINCREASE 0 FREELISTS 1 FREELIST GROUPS 1 BUFFER_POOL DEFAULT FLASH_CACHE DEFAULT CELL_FLASH_CACHE DEFAULT)
  TABLESPACE "SYSTEM" ;
--------------------------------------------------------
--  DDL for Index SYS_C0011080
--------------------------------------------------------

  CREATE UNIQUE INDEX "SYSTEM"."SYS_C0011080" ON "SYSTEM"."CA_PHONG_PT" ("MA_CA", "MA_PHONG", "MA_KHU") 
  PCTFREE 10 INITRANS 2 MAXTRANS 255 COMPUTE STATISTICS 
  STORAGE(INITIAL 65536 NEXT 1048576 MINEXTENTS 1 MAXEXTENTS 2147483645
  PCTINCREASE 0 FREELISTS 1 FREELIST GROUPS 1 BUFFER_POOL DEFAULT FLASH_CACHE DEFAULT CELL_FLASH_CACHE DEFAULT)
  TABLESPACE "SYSTEM" ;
--------------------------------------------------------
--  DDL for Index SYS_C0011073
--------------------------------------------------------

  CREATE UNIQUE INDEX "SYSTEM"."SYS_C0011073" ON "SYSTEM"."CUOC_PHAU_THUAT" ("MA_CUOC_PT", "MA_DOT", "MA_BN") 
  PCTFREE 10 INITRANS 2 MAXTRANS 255 COMPUTE STATISTICS 
  STORAGE(INITIAL 65536 NEXT 1048576 MINEXTENTS 1 MAXEXTENTS 2147483645
  PCTINCREASE 0 FREELISTS 1 FREELIST GROUPS 1 BUFFER_POOL DEFAULT FLASH_CACHE DEFAULT CELL_FLASH_CACHE DEFAULT)
  TABLESPACE "SYSTEM" ;
--------------------------------------------------------
--  DDL for Index SYS_C0011084
--------------------------------------------------------

  CREATE UNIQUE INDEX "SYSTEM"."SYS_C0011084" ON "SYSTEM"."DIEU_DUONG_TRUC_PPT" ("MA_CA", "MA_PHONG", "MA_KHU", "MA_NHAN_VIEN") 
  PCTFREE 10 INITRANS 2 MAXTRANS 255 COMPUTE STATISTICS 
  STORAGE(INITIAL 65536 NEXT 1048576 MINEXTENTS 1 MAXEXTENTS 2147483645
  PCTINCREASE 0 FREELISTS 1 FREELIST GROUPS 1 BUFFER_POOL DEFAULT FLASH_CACHE DEFAULT CELL_FLASH_CACHE DEFAULT)
  TABLESPACE "SYSTEM" ;
--------------------------------------------------------
--  DDL for Index SYS_C0011068
--------------------------------------------------------

  CREATE UNIQUE INDEX "SYSTEM"."SYS_C0011068" ON "SYSTEM"."DON_HANG" ("MA_DON_HANG") 
  PCTFREE 10 INITRANS 2 MAXTRANS 255 COMPUTE STATISTICS 
  STORAGE(INITIAL 65536 NEXT 1048576 MINEXTENTS 1 MAXEXTENTS 2147483645
  PCTINCREASE 0 FREELISTS 1 FREELIST GROUPS 1 BUFFER_POOL DEFAULT FLASH_CACHE DEFAULT CELL_FLASH_CACHE DEFAULT)
  TABLESPACE "SYSTEM" ;
--------------------------------------------------------
--  DDL for Index SYS_C0011087
--------------------------------------------------------

  CREATE UNIQUE INDEX "SYSTEM"."SYS_C0011087" ON "SYSTEM"."DON_HANG_GOM" ("MA_DON_HANG", "MA_DUNG_CU") 
  PCTFREE 10 INITRANS 2 MAXTRANS 255 COMPUTE STATISTICS 
  STORAGE(INITIAL 65536 NEXT 1048576 MINEXTENTS 1 MAXEXTENTS 2147483645
  PCTINCREASE 0 FREELISTS 1 FREELIST GROUPS 1 BUFFER_POOL DEFAULT FLASH_CACHE DEFAULT CELL_FLASH_CACHE DEFAULT)
  TABLESPACE "SYSTEM" ;
--------------------------------------------------------
--  DDL for Index SYS_C0011071
--------------------------------------------------------

  CREATE UNIQUE INDEX "SYSTEM"."SYS_C0011071" ON "SYSTEM"."DOT_DIEU_TRI" ("MA_DOT", "MA_BN") 
  PCTFREE 10 INITRANS 2 MAXTRANS 255 COMPUTE STATISTICS 
  STORAGE(INITIAL 65536 NEXT 1048576 MINEXTENTS 1 MAXEXTENTS 2147483645
  PCTINCREASE 0 FREELISTS 1 FREELIST GROUPS 1 BUFFER_POOL DEFAULT FLASH_CACHE DEFAULT CELL_FLASH_CACHE DEFAULT)
  TABLESPACE "SYSTEM" ;
--------------------------------------------------------
--  DDL for Index SYS_C0011066
--------------------------------------------------------

  CREATE UNIQUE INDEX "SYSTEM"."SYS_C0011066" ON "SYSTEM"."DUNG_CU" ("MA_DUNG_CU") 
  PCTFREE 10 INITRANS 2 MAXTRANS 255 COMPUTE STATISTICS 
  STORAGE(INITIAL 65536 NEXT 1048576 MINEXTENTS 1 MAXEXTENTS 2147483645
  PCTINCREASE 0 FREELISTS 1 FREELIST GROUPS 1 BUFFER_POOL DEFAULT FLASH_CACHE DEFAULT CELL_FLASH_CACHE DEFAULT)
  TABLESPACE "SYSTEM" ;
--------------------------------------------------------
--  DDL for Index SYS_C0011086
--------------------------------------------------------

  CREATE UNIQUE INDEX "SYSTEM"."SYS_C0011086" ON "SYSTEM"."DUNG_CU_PT" ("MA_CUOC_PT", "MA_BN", "MA_DOT", "MA_DUNG_CU") 
  PCTFREE 10 INITRANS 2 MAXTRANS 255 COMPUTE STATISTICS 
  STORAGE(INITIAL 65536 NEXT 1048576 MINEXTENTS 1 MAXEXTENTS 2147483645
  PCTINCREASE 0 FREELISTS 1 FREELIST GROUPS 1 BUFFER_POOL DEFAULT FLASH_CACHE DEFAULT CELL_FLASH_CACHE DEFAULT)
  TABLESPACE "SYSTEM" ;
--------------------------------------------------------
--  DDL for Index SYS_C0011078
--------------------------------------------------------

  CREATE UNIQUE INDEX "SYSTEM"."SYS_C0011078" ON "SYSTEM"."GIUONG" ("MA_PHONG", "MA_KHU", "MA_GIUONG") 
  PCTFREE 10 INITRANS 2 MAXTRANS 255 COMPUTE STATISTICS 
  STORAGE(INITIAL 65536 NEXT 1048576 MINEXTENTS 1 MAXEXTENTS 2147483645
  PCTINCREASE 0 FREELISTS 1 FREELIST GROUPS 1 BUFFER_POOL DEFAULT FLASH_CACHE DEFAULT CELL_FLASH_CACHE DEFAULT)
  TABLESPACE "SYSTEM" ;
--------------------------------------------------------
--  DDL for Index SYS_C0011082
--------------------------------------------------------

  CREATE UNIQUE INDEX "SYSTEM"."SYS_C0011082" ON "SYSTEM"."KE_THUOC_NGOAI_TRU" ("SO_TT", "MA_BN", "MA_THUOC") 
  PCTFREE 10 INITRANS 2 MAXTRANS 255 COMPUTE STATISTICS 
  STORAGE(INITIAL 65536 NEXT 1048576 MINEXTENTS 1 MAXEXTENTS 2147483645
  PCTINCREASE 0 FREELISTS 1 FREELIST GROUPS 1 BUFFER_POOL DEFAULT FLASH_CACHE DEFAULT CELL_FLASH_CACHE DEFAULT)
  TABLESPACE "SYSTEM" ;
--------------------------------------------------------
--  DDL for Index SYS_C0011081
--------------------------------------------------------

  CREATE UNIQUE INDEX "SYSTEM"."SYS_C0011081" ON "SYSTEM"."KE_THUOC_NOI_TRU" ("MA_DOT", "MA_BN", "MA_THUOC") 
  PCTFREE 10 INITRANS 2 MAXTRANS 255 COMPUTE STATISTICS 
  STORAGE(INITIAL 65536 NEXT 1048576 MINEXTENTS 1 MAXEXTENTS 2147483645
  PCTINCREASE 0 FREELISTS 1 FREELIST GROUPS 1 BUFFER_POOL DEFAULT FLASH_CACHE DEFAULT CELL_FLASH_CACHE DEFAULT)
  TABLESPACE "SYSTEM" ;
--------------------------------------------------------
--  DDL for Index SYS_C0011056
--------------------------------------------------------

  CREATE UNIQUE INDEX "SYSTEM"."SYS_C0011056" ON "SYSTEM"."KHU" ("MA_KHU") 
  PCTFREE 10 INITRANS 2 MAXTRANS 255 COMPUTE STATISTICS 
  STORAGE(INITIAL 65536 NEXT 1048576 MINEXTENTS 1 MAXEXTENTS 2147483645
  PCTINCREASE 0 FREELISTS 1 FREELIST GROUPS 1 BUFFER_POOL DEFAULT FLASH_CACHE DEFAULT CELL_FLASH_CACHE DEFAULT)
  TABLESPACE "SYSTEM" ;
--------------------------------------------------------
--  DDL for Index SYS_C0011072
--------------------------------------------------------

  CREATE UNIQUE INDEX "SYSTEM"."SYS_C0011072" ON "SYSTEM"."LAN_KHAM_BENH" ("SO_TT", "MA_BN") 
  PCTFREE 10 INITRANS 2 MAXTRANS 255 COMPUTE STATISTICS 
  STORAGE(INITIAL 65536 NEXT 1048576 MINEXTENTS 1 MAXEXTENTS 2147483645
  PCTINCREASE 0 FREELISTS 1 FREELIST GROUPS 1 BUFFER_POOL DEFAULT FLASH_CACHE DEFAULT CELL_FLASH_CACHE DEFAULT)
  TABLESPACE "SYSTEM" ;
--------------------------------------------------------
--  DDL for Index LOG_CUOC_PT_DIEN_RA_PK
--------------------------------------------------------

  CREATE UNIQUE INDEX "SYSTEM"."LOG_CUOC_PT_DIEN_RA_PK" ON "SYSTEM"."LOG_CUOC_PT_DIEN_RA" ("MA_CUOC_PT", "MA_BN", "MA_CA", "MA_PHONG", "MA_KHU") 
  PCTFREE 10 INITRANS 2 MAXTRANS 255 
  STORAGE(INITIAL 65536 NEXT 1048576 MINEXTENTS 1 MAXEXTENTS 2147483645
  PCTINCREASE 0 FREELISTS 1 FREELIST GROUPS 1 BUFFER_POOL DEFAULT FLASH_CACHE DEFAULT CELL_FLASH_CACHE DEFAULT)
  TABLESPACE "SYSTEM" ;
--------------------------------------------------------
--  DDL for Index NHANVIEN_PK
--------------------------------------------------------

  CREATE UNIQUE INDEX "SYSTEM"."NHANVIEN_PK" ON "SYSTEM"."NHAN_VIEN" ("MA_NHAN_VIEN") 
  PCTFREE 10 INITRANS 2 MAXTRANS 255 COMPUTE STATISTICS 
  STORAGE(INITIAL 65536 NEXT 1048576 MINEXTENTS 1 MAXEXTENTS 2147483645
  PCTINCREASE 0 FREELISTS 1 FREELIST GROUPS 1 BUFFER_POOL DEFAULT FLASH_CACHE DEFAULT CELL_FLASH_CACHE DEFAULT)
  TABLESPACE "SYSTEM" ;
--------------------------------------------------------
--  DDL for Index SYS_C0011074
--------------------------------------------------------

  CREATE UNIQUE INDEX "SYSTEM"."SYS_C0011074" ON "SYSTEM"."PHONG" ("MA_PHONG", "MA_KHU") 
  PCTFREE 10 INITRANS 2 MAXTRANS 255 COMPUTE STATISTICS 
  STORAGE(INITIAL 65536 NEXT 1048576 MINEXTENTS 1 MAXEXTENTS 2147483645
  PCTINCREASE 0 FREELISTS 1 FREELIST GROUPS 1 BUFFER_POOL DEFAULT FLASH_CACHE DEFAULT CELL_FLASH_CACHE DEFAULT)
  TABLESPACE "SYSTEM" ;
--------------------------------------------------------
--  DDL for Index SYS_C0011077
--------------------------------------------------------

  CREATE UNIQUE INDEX "SYSTEM"."SYS_C0011077" ON "SYSTEM"."PHONG_NGHI_BN" ("MA_PHONG", "MA_KHU") 
  PCTFREE 10 INITRANS 2 MAXTRANS 255 COMPUTE STATISTICS 
  STORAGE(INITIAL 65536 NEXT 1048576 MINEXTENTS 1 MAXEXTENTS 2147483645
  PCTINCREASE 0 FREELISTS 1 FREELIST GROUPS 1 BUFFER_POOL DEFAULT FLASH_CACHE DEFAULT CELL_FLASH_CACHE DEFAULT)
  TABLESPACE "SYSTEM" ;
--------------------------------------------------------
--  DDL for Index SYS_C0011076
--------------------------------------------------------

  CREATE UNIQUE INDEX "SYSTEM"."SYS_C0011076" ON "SYSTEM"."PHONG_PHAU_THUAT" ("MA_PHONG", "MA_KHU") 
  PCTFREE 10 INITRANS 2 MAXTRANS 255 COMPUTE STATISTICS 
  STORAGE(INITIAL 65536 NEXT 1048576 MINEXTENTS 1 MAXEXTENTS 2147483645
  PCTINCREASE 0 FREELISTS 1 FREELIST GROUPS 1 BUFFER_POOL DEFAULT FLASH_CACHE DEFAULT CELL_FLASH_CACHE DEFAULT)
  TABLESPACE "SYSTEM" ;
--------------------------------------------------------
--  DDL for Index SYS_C0011062
--------------------------------------------------------

  CREATE UNIQUE INDEX "SYSTEM"."SYS_C0011062" ON "SYSTEM"."SDT_BENH_NHAN" ("MA_BN", "SDT") 
  PCTFREE 10 INITRANS 2 MAXTRANS 255 COMPUTE STATISTICS 
  STORAGE(INITIAL 65536 NEXT 1048576 MINEXTENTS 1 MAXEXTENTS 2147483645
  PCTINCREASE 0 FREELISTS 1 FREELIST GROUPS 1 BUFFER_POOL DEFAULT FLASH_CACHE DEFAULT CELL_FLASH_CACHE DEFAULT)
  TABLESPACE "SYSTEM" ;
--------------------------------------------------------
--  DDL for Index SDTNHANVIEN_PK
--------------------------------------------------------

  CREATE UNIQUE INDEX "SYSTEM"."SDTNHANVIEN_PK" ON "SYSTEM"."SDT_NHAN_VIEN" ("MA_NV", "SDT") 
  PCTFREE 10 INITRANS 2 MAXTRANS 255 COMPUTE STATISTICS 
  STORAGE(INITIAL 65536 NEXT 1048576 MINEXTENTS 1 MAXEXTENTS 2147483645
  PCTINCREASE 0 FREELISTS 1 FREELIST GROUPS 1 BUFFER_POOL DEFAULT FLASH_CACHE DEFAULT CELL_FLASH_CACHE DEFAULT)
  TABLESPACE "SYSTEM" ;
--------------------------------------------------------
--  DDL for Index THONG_KE_TIEN_PT_PK
--------------------------------------------------------

  CREATE UNIQUE INDEX "SYSTEM"."THONG_KE_TIEN_PT_PK" ON "SYSTEM"."THONG_KE_TIEN_PT" ("MA_BS", "THANG") 
  PCTFREE 10 INITRANS 2 MAXTRANS 255 COMPUTE STATISTICS 
  STORAGE(INITIAL 65536 NEXT 1048576 MINEXTENTS 1 MAXEXTENTS 2147483645
  PCTINCREASE 0 FREELISTS 1 FREELIST GROUPS 1 BUFFER_POOL DEFAULT FLASH_CACHE DEFAULT CELL_FLASH_CACHE DEFAULT)
  TABLESPACE "SYSTEM" ;
--------------------------------------------------------
--  DDL for Index SYS_C0011058
--------------------------------------------------------

  CREATE UNIQUE INDEX "SYSTEM"."SYS_C0011058" ON "SYSTEM"."THUOC" ("MA_THUOC") 
  PCTFREE 10 INITRANS 2 MAXTRANS 255 COMPUTE STATISTICS 
  STORAGE(INITIAL 65536 NEXT 1048576 MINEXTENTS 1 MAXEXTENTS 2147483645
  PCTINCREASE 0 FREELISTS 1 FREELIST GROUPS 1 BUFFER_POOL DEFAULT FLASH_CACHE DEFAULT CELL_FLASH_CACHE DEFAULT)
  TABLESPACE "SYSTEM" ;
--------------------------------------------------------
--  DDL for Index SYS_C0011064
--------------------------------------------------------

  CREATE UNIQUE INDEX "SYSTEM"."SYS_C0011064" ON "SYSTEM"."TIEN_SU_BENH" ("MA_BN", "TIEN_SU_BENH") 
  PCTFREE 10 INITRANS 2 MAXTRANS 255 COMPUTE STATISTICS 
  STORAGE(INITIAL 65536 NEXT 1048576 MINEXTENTS 1 MAXEXTENTS 2147483645
  PCTINCREASE 0 FREELISTS 1 FREELIST GROUPS 1 BUFFER_POOL DEFAULT FLASH_CACHE DEFAULT CELL_FLASH_CACHE DEFAULT)
  TABLESPACE "SYSTEM" ;
--------------------------------------------------------
--  DDL for Index SYS_C0011075
--------------------------------------------------------

  CREATE UNIQUE INDEX "SYSTEM"."SYS_C0011075" ON "SYSTEM"."TRANG_BI_PHONG" ("MA_PHONG", "MA_KHU", "TRANG_BI") 
  PCTFREE 10 INITRANS 2 MAXTRANS 255 COMPUTE STATISTICS 
  STORAGE(INITIAL 65536 NEXT 1048576 MINEXTENTS 1 MAXEXTENTS 2147483645
  PCTINCREASE 0 FREELISTS 1 FREELIST GROUPS 1 BUFFER_POOL DEFAULT FLASH_CACHE DEFAULT CELL_FLASH_CACHE DEFAULT)
  TABLESPACE "SYSTEM" ;
--------------------------------------------------------
--  DDL for Trigger AFTER_BS_TIEN_HANH_PT_INSERT
--------------------------------------------------------

  CREATE OR REPLACE TRIGGER "SYSTEM"."AFTER_BS_TIEN_HANH_PT_INSERT" 
AFTER INSERT ON BS_TIEN_HANH_PT
REFERENCING NEW AS NEW OLD AS OLD
FOR EACH ROW
DECLARE LEV INT;
      mTIME INT;
      mMONTH INT;
      mTIMESTAMP TIMESTAMP;

BEGIN
  SELECT BAT_DAU
  INTO mTIMESTAMP
  FROM CUOC_PHAU_THUAT
  WHERE MA_CUOC_PT = :NEW.MA_CUOC_PT AND MA_BN = :NEW.MA_BN AND MA_DOT = :NEW.MA_DOT;

  mMONTH := EXTRACT(MONTH FROM  mTIMESTAMP) ;
  SELECT DO_KHO
  INTO LEV
  FROM CUOC_PHAU_THUAT
  WHERE MA_CUOC_PT = :NEW.MA_CUOC_PT AND MA_BN= :NEW.MA_BN AND  MA_DOT= :NEW.MA_DOT ;

  SELECT THOI_GIAN
  INTO mTIME
  FROM CUOC_PHAU_THUAT
  WHERE MA_CUOC_PT = :NEW.MA_CUOC_PT AND MA_BN= :NEW.MA_BN AND  MA_DOT= :NEW.MA_DOT ;

  UPDATE THONG_KE_TIEN_PT
  SET TONG_TIEN = TONG_TIEN + 50*mTIME*LEV , SO_CUOC_PT_THAM_GIA = SO_CUOC_PT_THAM_GIA+1
  WHERE MA_BS = :NEW.MA_BS AND THANG = mMONTH ;
END; 
/
ALTER TRIGGER "SYSTEM"."AFTER_BS_TIEN_HANH_PT_INSERT" ENABLE;
--------------------------------------------------------
--  DDL for Trigger AFTER_DUNG_CU_PT_INSERT
--------------------------------------------------------

  CREATE OR REPLACE TRIGGER "SYSTEM"."AFTER_DUNG_CU_PT_INSERT" 
AFTER INSERT ON DUNG_CU_PT
REFERENCING NEW AS NEW OLD AS OLD
FOR EACH ROW
BEGIN
  UPDATE DUNG_CU
  SET SO_LUONG_CON = SO_LUONG_CON - :NEW.SO_LUONG
  WHERE MA_DUNG_CU = :NEW.MA_DUNG_CU;
END; 
/
ALTER TRIGGER "SYSTEM"."AFTER_DUNG_CU_PT_INSERT" ENABLE;
--------------------------------------------------------
--  DDL for Trigger BEFORE_CPT_DIEN_RA_INSATE
--------------------------------------------------------

  CREATE OR REPLACE TRIGGER "SYSTEM"."BEFORE_CPT_DIEN_RA_INSATE" 
AFTER INSERT OR UPDATE ON CUOC_PT_DIEN_RA
REFERENCING NEW AS NEW OLD AS OLD
FOR EACH ROW
DECLARE
     not_available EXCEPTION;
     dCount INT;
     cCount INT;
     mBAT_DAU TIMESTAMP;
     mTHOI_GIAN INT;
BEGIN
  SELECT BAT_DAU
  INTO mBAT_DAU
  FROM CUOC_PHAU_THUAT
  WHERE MA_CUOC_PT = :NEW.MA_CUOC_PT AND MA_DOT = :NEW.MA_DOT AND MA_BN = :NEW.MA_BN;
  
  SELECT THOI_GIAN
  INTO mTHOI_GIAN
  FROM CUOC_PHAU_THUAT
  WHERE MA_CUOC_PT = :NEW.MA_CUOC_PT AND MA_DOT = :NEW.MA_DOT AND MA_BN = :NEW.MA_BN;
 
  SELECT COUNT(*)
  INTO dCount
  FROM CUOC_PT_DIEN_RA mA , CUOC_PHAU_THUAT mB
  WHERE mA.MA_CUOC_PT = mB.MA_CUOC_PT AND mA.MA_PHONG = :NEW.MA_PHONG AND mA.MA_KHU = :NEW.MA_KHU AND (mBAT_DAU >mB.BAT_DAU AND (mBAT_DAU)<(mB.BAT_DAU+mB.THOI_GIAN/24)); 
  
  SELECT COUNT(*)A
  INTO cCount
  FROM CUOC_PT_DIEN_RA mA , CUOC_PHAU_THUAT mB
  WHERE mA.MA_CUOC_PT = mB.MA_CUOC_PT AND mA.MA_PHONG = :NEW.MA_PHONG AND mA.MA_KHU = :NEW.MA_KHU AND ((mBAT_DAU+mTHOI_GIAN/24) >mB.BAT_DAU AND (mBAT_DAU+mTHOI_GIAN/24)<(mB.BAT_DAU+mB.THOI_GIAN/24));
  
  IF(dCount > 0 or cCount >0) THEN
    RAISE not_available;
  END IF;
  EXCEPTION
    WHEN not_available THEN 
         INSERT INTO LOG_CUOC_PT_DIEN_RA
         VALUES(:NEW.MA_CUOC_PT,:NEW.MA_BN,:NEW.MA_CA, :NEW.MA_PHONG, :NEW.MA_KHU);
         
         
END;
/
ALTER TRIGGER "SYSTEM"."BEFORE_CPT_DIEN_RA_INSATE" ENABLE;
--------------------------------------------------------
--  DDL for Trigger BEFORE_DON_DAT_HANG_GOM_INSERT
--------------------------------------------------------

  CREATE OR REPLACE TRIGGER "SYSTEM"."BEFORE_DON_DAT_HANG_GOM_INSERT" 
BEFORE INSERT ON DON_HANG_GOM
FOR EACH ROW
DECLARE
 r_count INT;
BEGIN
  SELECT COUNT(*)
  INTO r_count
  FROM DUNG_CU
  WHERE MA_DUNG_CU = :NEW.MA_DUNG_CU;
  IF r_count > 0 THEN
    UPDATE DUNG_CU
    SET SO_LUONG_CON = SO_LUONG_CON + :NEW.SO_LUONG_DAT
    WHERE MA_DUNG_CU = :New.MA_DUNG_CU;
  
  END IF;
END;
/
ALTER TRIGGER "SYSTEM"."BEFORE_DON_DAT_HANG_GOM_INSERT" ENABLE;
--------------------------------------------------------
--  DDL for Procedure TINH_TIEN_DON_HANG
--------------------------------------------------------
set define off;

  CREATE OR REPLACE PROCEDURE "SYSTEM"."TINH_TIEN_DON_HANG" ( mMA_DON_HANG IN  VARCHAR2,  mTONG_TIEN OUT INT )
IS
BEGIN
    SELECT SUM(SO_LUONG_DAT * GIA)
    INTO mTONG_TIEN
    FROM DON_HANG_GOM B , DUNG_CU J
    WHERE (B.MA_DON_HANG= mMA_DON_HANG) AND (B.MA_DUNG_CU=J.MA_DUNG_CU);
END ;

/
--------------------------------------------------------
--  DDL for Procedure TINH_TIEN_DOT_KHAM
--------------------------------------------------------
set define off;

  CREATE OR REPLACE PROCEDURE "SYSTEM"."TINH_TIEN_DOT_KHAM" ( mMA_BENH_NHAN IN VARCHAR2,mMA_DOT_DIEU_TRI IN VARCHAR2 , mTONG_TIEN OUT INT)
IS 
mTIEN_THUOC INT;
mTIEN_GIUONG INT;
mLOAI_BN INT;
mHOURS INT;
mDAY INT;
mSTART TIMESTAMP;
mEND TIMESTAMP;
mGIA INT;
mSTT INT;
BEGIN
    SELECT LOAI_BN
    INTO mLOAI_BN
    FROM BENH_NHAN
    WHERE MA_BN = mMA_BENH_NHAN;
    IF(mLOAI_BN = 1) THEN
        SELECT SUM(J.SO_LUONG*W.DON_GIA)
        INTO mTIEN_THUOC
        FROM KE_THUOC_NOI_TRU J , THUOC W
        WHERE J.MA_DOT = mMA_DOT_DIEU_TRI AND J.MA_BN = mMA_BENH_NHAN AND J.MA_THUOC = W.MA_THUOC;

        SELECT BAT_DAU
        INTO mSTART
        FROM DOT_DIEU_TRI
        WHERE MA_BN = mMA_BENH_NHAN AND MA_DOT = mMA_DOT_DIEU_TRI;

        SELECT KET_THUC
        INTO mEND
        FROM DOT_DIEU_TRI
        WHERE MA_BN = mMA_BENH_NHAN AND MA_DOT = mMA_DOT_DIEU_TRI;

        mHOURS := abs(24*extract(day from (to_timestamp(  mSTART, 'dd-mon-yyyy hh:mi:ssxff PM tzh:tzm') -
              to_timestamp(   mEND , 'dd-mon-yyyy hh:mi:ssxff PM :tzm')))+extract(hour from (to_timestamp(  mSTART, 'dd-mon-yyyy hh:mi:ssxff PM tzh:tzm') -
              to_timestamp(   mEND , 'dd-mon-yyyy hh:mi:ssxff PM :tzm'))));


         mDAY := ROUND(mHOURS/24)+1;

         SELECT MUC_GIA
         INTO mGIA
         FROM GIUONG J, PHONG_NGHI_BN W
         WHERE J.MA_BN_DANG_NAM = mMA_BENH_NHAN AND J.MA_PHONG = W.MA_PHONG AND J.MA_KHU = W.MA_KHU;

         mTIEN_GIUONG := mGIA*mDAY;
         mTONG_TIEN := mTIEN_GIUONG + mTIEN_THUOC;
        ELSE
         SELECT MAX(SO_TT) INTO mSTT FROM KE_THUOC_NGOAI_TRU WHERE MA_BN = mMA_BENH_NHAN;
         SELECT SUM(W.SO_LUONG*J.DON_GIA)
         INTO mTONG_TIEN
         FROM ( SELECT  MA_THUOC, SO_LUONG FROM KE_THUOC_NGOAI_TRU WHERE MA_BN = mMA_BENH_NHAN AND SO_TT = mSTT) W , THUOC J
         WHERE W.MA_THUOC = J.MA_THUOC;
         
    END IF;
END;

/
--------------------------------------------------------
--  DDL for Function LAY_THUOC
--------------------------------------------------------

  CREATE OR REPLACE FUNCTION "SYSTEM"."LAY_THUOC" ( mMA_CA IN VARCHAR2, mMA_PHONG IN VARCHAR2, mMA_KHU IN VARCHAR2 ,mMA_NV IN VARCHAR2 )
  RETURN SYS_REFCURSOR
IS
  l_rc SYS_REFCURSOR;
  mBEGIN TIMESTAMP;
  mEND TIMESTAMP;
BEGIN
  SELECT BAT_DAU ,KET_THUC
  INTO mBEGIN , mEND
  FROM CA_PHONG_NGHI
  WHERE MA_CA = mMA_CA AND MA_PHONG = mMA_PHONG AND MA_KHU = mMA_KHU;


  OPEN l_rc
   FOR SELECT mA.MA_THUOC , mA.MA_BN , mA.LIEU_DUNG
         FROM (SELECT mC.MA_DOT, mC.MA_THUOC, mC.MA_BN, mC.LIEU_DUNG FROM KE_THUOC_NOI_TRU mC , GIUONG mD WHERE mD.MA_BN_DANG_NAM = mC.MA_BN AND mD.MA_PHONG = mMA_PHONG AND mD.MA_KHU = mMA_KHU ) mA , DOT_DIEU_TRI mB
         WHERE mA.MA_DOT = mB.MA_DOT AND mBEGIN > mB.BAT_DAU AND mBEGIN < mB.KET_THUC;
  RETURN l_rc;
END;

/
--------------------------------------------------------
--  DDL for Function LIET_KE_CUOC_PT_BENH_NHAN
--------------------------------------------------------

  CREATE OR REPLACE FUNCTION "SYSTEM"."LIET_KE_CUOC_PT_BENH_NHAN" (mMA_BN IN VARCHAR2)
  RETURN SYS_REFCURSOR
IS
  l_rc SYS_REFCURSOR;
kBENH_NHAN INT DEFAULT -1;
BEGIN
    SELECT LOAI_BN
    INTO kBENH_NHAN
    FROM BENH_NHAN
    WHERE MA_BN = mMA_BN;
    IF(kBENH_NHAN = 1) THEN
      OPEN l_rc
      FOR SELECT MA_CUOC_PT ,
MA_DOT ,
MA_BN ,
THOI_GIAN ,
BAT_DAU ,
DO_KHO 
      FROM CUOC_PHAU_THUAT
      WHERE MA_BN = mMA_BN;
      RETURN l_rc;
    END IF;
END;

/
--------------------------------------------------------
--  DDL for Function LIET_KE_DUNG_CU_PT_BENH_NHAN
--------------------------------------------------------

  CREATE OR REPLACE FUNCTION "SYSTEM"."LIET_KE_DUNG_CU_PT_BENH_NHAN" (mMA_BN IN VARCHAR2)
  RETURN SYS_REFCURSOR
IS
  l_rc SYS_REFCURSOR;

BEGIN

      OPEN l_rc
      FOR SELECT MA_CUOC_PT ,
MA_DOT ,
MA_BN ,
MA_DUNG_CU ,
SO_LUONG 
      FROM DUNG_CU_PT
      WHERE MA_BN = mMA_BN;
      RETURN l_rc;

END;

/
--------------------------------------------------------
--  DDL for Function LIET_KE_THONG_TIN_BAC_SI
--------------------------------------------------------

  CREATE OR REPLACE FUNCTION "SYSTEM"."LIET_KE_THONG_TIN_BAC_SI" (mMA_BS IN VARCHAR2)
  RETURN SYS_REFCURSOR
IS
  l_rc SYS_REFCURSOR;

BEGIN

      OPEN l_rc
      FOR 
        SELECT mS.MA_NV MA_NV,
               mS.SDT SDT,
               mK.MA_NHAN_VIEN MA_NHAN_VIEN,
               mK.TEN TEN,
               mK.LUONG LUONG,
mK.LOAI_NV LOAI_NV 
FROM SDT_NHAN_VIEN mS , (SELECT mB.MA_BAC_SI MA_BAC_SI,
mB.LOAI_BAC_SI LOAI_BAC_SI,
mN.MA_NHAN_VIEN MA_NHAN_VIEN,
mN.TEN TEN,
mN.LUONG LUONG,
mN.LOAI_NV LOAI_NV
                         FROM BAC_SI mB , NHAN_VIEN mN
                         WHERE mB.MA_BAC_SI = mN.MA_NHAN_VIEN AND mB.MA_BAC_SI = mMA_BS) mK
WHERE mS.MA_NV = mK.MA_BAC_SI;
RETURN l_rc;

END;

/
--------------------------------------------------------
--  DDL for Function LIET_KE_THONG_TIN_BAC_SY
--------------------------------------------------------

  CREATE OR REPLACE FUNCTION "SYSTEM"."LIET_KE_THONG_TIN_BAC_SY" (mMA_BS IN VARCHAR2)
  RETURN SYS_REFCURSOR
IS
  l_rc SYS_REFCURSOR;

BEGIN

      OPEN l_rc
      FOR 
        SELECT mS.MA_NV ,
               mS.SDT ,
               mK.TEN ,
               mK.LUONG ,
mK.LOAI_NV  
FROM SDT_NHAN_VIEN mS , (SELECT mB.MA_BAC_SI MA_BAC_SI,
mB.LOAI_BAC_SI ,
mN.MA_NHAN_VIEN ,
mN.TEN ,
mN.LUONG ,
mN.LOAI_NV 
                         FROM BAC_SI mB , NHAN_VIEN mN
                         WHERE mB.MA_BAC_SI = mN.MA_NHAN_VIEN AND mB.MA_BAC_SI = mMA_BS) mK
WHERE mS.MA_NV = mK.MA_BAC_SI;
RETURN l_rc;

END;

/
--------------------------------------------------------
--  DDL for Function LIET_KE_THUOC_BENH_NHAN
--------------------------------------------------------

  CREATE OR REPLACE FUNCTION "SYSTEM"."LIET_KE_THUOC_BENH_NHAN" (mMA_BN IN VARCHAR2)
  RETURN SYS_REFCURSOR
IS
  l_rc SYS_REFCURSOR;
kBENH_NHAN INT DEFAULT -1;
BEGIN
    SELECT LOAI_BN
    INTO kBENH_NHAN
    FROM BENH_NHAN
    WHERE MA_BN = mMA_BN;
    IF(kBENH_NHAN = 1) THEN
      OPEN l_rc
      FOR SELECT MA_DOT ,
MA_BN ,
MA_THUOC ,
SO_LUONG ,
LIEU_DUNG 
         FROM KE_THUOC_NOI_TRU
         WHERE MA_BN = mMA_BN;
      RETURN l_rc;
    ELSIF(kBENH_NHAN = 0) THEN
       OPEN l_rc
       FOR SELECT SO_TT ,
MA_BN ,
MA_THUOC ,
SO_LUONG ,
LIEU_DUNG 
       FROM KE_THUOC_NGOAI_TRU
       WHERE MA_BN = mMA_BN;
    RETURN l_rc;
    END IF;
END;

/
--------------------------------------------------------
--  DDL for Function SAP_XEP_BAC_SI
--------------------------------------------------------

  CREATE OR REPLACE FUNCTION "SYSTEM"."SAP_XEP_BAC_SI" 
  RETURN SYS_REFCURSOR
IS
  l_rc SYS_REFCURSOR;
BEGIN


  OPEN l_rc
  FOR  SELECT (NVL(mO.qSUM,0)+NVL(mO.kSUM,0) + NVL(mO.mSUM,0)) tSUM , mU.MA_BAC_SI
       FROM BAC_SI mU RIGHT JOIN (SELECT MAX(qSUM) qSUM ,MAX(kSUM) kSUM , MAX(mSUM) mSUM , mW.MA_BAC_SI
                  FROM  (SELECT COUNT(*) qSUM, mF.MA_BAC_SI FROM BS_TIEN_HANH_PT mD, BAC_SI mF WHERE mD.MA_BS =mF.MA_BAC_SI GROUP BY mF.MA_BAC_SI) mW  LEFT JOIN ( SELECT  MAX(kSUM) kSUM , MAX(mSUM) mSUM , MA_BAC_SI 
                         FROM (SELECT COUNT(*) kSUM,mC.MA_BS FROM LAN_KHAM_BENH mC, BAC_SI mJ WHERE  mC.MA_BS = mJ.MA_BAC_SI GROUP BY mC.MA_BS) mN LEFT JOIN (SELECT BAC_SI.MA_BAC_SI , mSUM
                               FROM BAC_SI LEFT JOIN (SELECT COUNT(*) mSUM , MA_BAC_SI
                                                      FROM BAC_SI mA , DOT_DIEU_TRI mB 
                                                      WHERE mA.MA_BAC_SI = mB.MA_BS
                                                      GROUP BY MA_BAC_SI) J
                                                      ON BAC_SI.MA_BAC_SI= J.MA_BAC_SI) mA
                               ON  mA.MA_BAC_SI = mN.MA_BS 
                               GROUP BY MA_BAC_SI) mE
                         ON    mW.MA_BAC_SI=mE.MA_BAC_SI
                         GROUP BY  mW.MA_BAC_SI) mO
       ON  mU.MA_BAC_SI = mO.MA_BAC_SI
       ORDER BY tSUM  DESC ; 
  RETURN l_rc;
END;

/
--------------------------------------------------------
--  DDL for Function THEM_BENH_NHAN
--------------------------------------------------------

  CREATE OR REPLACE FUNCTION "SYSTEM"."THEM_BENH_NHAN" (mMA_BN IN VARCHAR2, mTEN IN VARCHAR2,mDIA_CHI IN VARCHAR2, mLOAI_BN IN VARCHAR2, mMA_NV_DANG_KY IN VARCHAR2, mTHOI_DIEM IN VARCHAR2)
  RETURN INT
  IS
 dCount INT;
BEGIN
    SELECT COUNT(*)
    INTO dCount
    FROM BENH_NHAN
    WHERE MA_BN = mMA_BN;
    IF(dCount=0)THEN
        INSERT INTO BENH_NHAN (MA_BN,TEN,DIA_CHI,LOAI_BN,MA_NV_DANG_KY,THOI_DIEM)
        VALUES(mMA_BN, mTEN, mDIA_CHI, mLOAI_BN, mMA_NV_DANG_KY, TO_TIMESTAMP(mTHOI_DIEM, 'DD-MM-YY'));
        RETURN 1;
    ELSE
    RETURN 0;
    END IF;
END;

/
--------------------------------------------------------
--  DDL for Function TIM_KIEM_BENH_NHAN_BY_ID
--------------------------------------------------------

  CREATE OR REPLACE FUNCTION "SYSTEM"."TIM_KIEM_BENH_NHAN_BY_ID" (mMA_BN IN VARCHAR2)
  RETURN SYS_REFCURSOR
IS
  l_rc SYS_REFCURSOR;
  kBENH_NHAN INT ;
BEGIN
    SELECT LOAI_BN
    INTO kBENH_NHAN
    FROM BENH_NHAN 
    WHERE MA_BN = mMA_BN;
    IF(kBENH_NHAN = 1) THEN
      OPEN l_rc
       FOR SELECT mN.SDT, mN.MA_BN, mN.TEN , mN.DIA_CHI ,mN.LOAI_BN, mN.THOI_DIEM, mN.MA_NV_DANG_KY, mM.MA_DOT FROM
       (SELECT mB.MA_BN,mB.TEN , mB.DIA_CHI, mB.LOAI_BN , mB.THOI_DIEM, mB.MA_NV_DANG_KY, mP.SDT FROM 
           (SELECT MA_BN , SDT 
             FROM SDT_BENH_NHAN
             WHERE MA_BN = mMA_BN) mP, BENH_NHAN mB
         WHERE mB.MA_BN = mP.MA_BN) mN , DOT_DIEU_TRI mM
         WHERE mN.MA_BN = mM.MA_BN ;
       RETURN l_rc;
    ELSIF(kBENH_NHAN = 0) THEN
        OPEN l_rc
       FOR SELECT mN.SDT, mN.MA_BN, mN.TEN , mN.DIA_CHI ,mN.LOAI_BN, mN.THOI_DIEM, mN.MA_NV_DANG_KY, mM.SO_TT FROM
       (SELECT mB.MA_BN,mB.TEN , mB.DIA_CHI, mB.LOAI_BN , mB.THOI_DIEM, mB.MA_NV_DANG_KY, mP.SDT FROM 
           (SELECT MA_BN , SDT 
             FROM SDT_BENH_NHAN
             WHERE MA_BN = mMA_BN) mP, BENH_NHAN mB
         WHERE mB.MA_BN = mP.MA_BN) mN ,LAN_KHAM_BENH mM
         WHERE mN.MA_BN = mM.MA_BN ;
       RETURN l_rc;
    END IF;
END;

/
--------------------------------------------------------
--  DDL for Function TIM_KIEM_BENH_NHAN_BY_NAME
--------------------------------------------------------

  CREATE OR REPLACE FUNCTION "SYSTEM"."TIM_KIEM_BENH_NHAN_BY_NAME" (mNAME IN VARCHAR2)
  RETURN SYS_REFCURSOR
IS
  l_rc SYS_REFCURSOR;
BEGIN
  OPEN l_rc
   FOR SELECT MA_BN ,
TEN ,
DIA_CHI ,
LOAI_BN ,
MA_NV_DANG_KY ,
THOI_DIEM  
FROM BENH_NHAN
WHERE TEN LIKE CONCAT(CONCAT('%',mName),'%');
  RETURN l_rc;
END;

/
--------------------------------------------------------
--  DDL for Function TIM_KIEM_BENH_NHAN_BY_PHONE
--------------------------------------------------------

  CREATE OR REPLACE FUNCTION "SYSTEM"."TIM_KIEM_BENH_NHAN_BY_PHONE" (mPHONE_NUMBER IN VARCHAR2)
  RETURN SYS_REFCURSOR
IS
  l_rc SYS_REFCURSOR;
  kBENH_NHAN INT ;
BEGIN
    SELECT mB.LOAI_BN
    INTO kBENH_NHAN
    FROM SDT_BENH_NHAN mS, BENH_NHAN mB
    WHERE mS.SDT = mPHONE_NUMBER AND mS.MA_BN = mB.MA_BN;
    IF(kBENH_NHAN = 1) THEN
      OPEN l_rc
       FOR SELECT mN.SDT, mN.MA_BN, mN.TEN , mN.DIA_CHI ,mN.LOAI_BN, mN.THOI_DIEM, mN.MA_NV_DANG_KY, mM.MA_DOT FROM
       (SELECT mB.MA_BN,mB.TEN , mB.DIA_CHI, mB.LOAI_BN , mB.THOI_DIEM, mB.MA_NV_DANG_KY, mP.SDT FROM 
           (SELECT MA_BN , SDT 
             FROM SDT_BENH_NHAN
             WHERE SDT = mPHONE_NUMBER) mP, BENH_NHAN mB
         WHERE mB.MA_BN = mP.MA_BN) mN , DOT_DIEU_TRI mM
         WHERE mN.MA_BN = mM.MA_BN ;
       RETURN l_rc;
    ELSIF(kBENH_NHAN = 0) THEN
        OPEN l_rc
       FOR SELECT mN.SDT, mN.MA_BN, mN.TEN , mN.DIA_CHI ,mN.LOAI_BN, mN.THOI_DIEM, mN.MA_NV_DANG_KY, mM.SO_TT FROM
       (SELECT mB.MA_BN,mB.TEN , mB.DIA_CHI, mB.LOAI_BN , mB.THOI_DIEM, mB.MA_NV_DANG_KY, mP.SDT FROM 
           (SELECT MA_BN , SDT 
             FROM SDT_BENH_NHAN
             WHERE SDT = mPHONE_NUMBER) mP, BENH_NHAN mB
         WHERE mB.MA_BN = mP.MA_BN) mN ,LAN_KHAM_BENH mM
         WHERE mN.MA_BN = mM.MA_BN ;
       RETURN l_rc;
    END IF;
END;

/
--------------------------------------------------------
--  DDL for Function TIM_THONG_TIN_DDT
--------------------------------------------------------

  CREATE OR REPLACE FUNCTION "SYSTEM"."TIM_THONG_TIN_DDT" (mMA_DOT IN VARCHAR2, mMA_BN IN VARCHAR2)
  RETURN SYS_REFCURSOR
IS
  l_rc SYS_REFCURSOR;
BEGIN
  OPEN l_rc
   FOR SELECT MA_DOT ,
MA_BN ,
BAT_DAU ,
KET_THUC ,
NHIP_TIME ,
TINH_TRANG_HUYET_AP ,
THAN_NHIET ,
MA_BS  
        FROM DOT_DIEU_TRI
        WHERE MA_DOT = mMA_DOT AND MA_BN = mMA_BN;
  RETURN l_rc;
END;

/
--------------------------------------------------------
--  DDL for Function TIM_THONG_TIN_LAN_KHAM_BENH
--------------------------------------------------------

  CREATE OR REPLACE FUNCTION "SYSTEM"."TIM_THONG_TIN_LAN_KHAM_BENH" (mSTT IN INT, mMA_BN IN VARCHAR2)
  RETURN SYS_REFCURSOR
IS
  l_rc SYS_REFCURSOR;
BEGIN
  OPEN l_rc
   FOR SELECT SO_TT ,
MA_BN ,
MO_TA_BENH_AN ,
NGAY_HEN_KE_TIEP ,
MA_BS 
        FROM LAN_KHAM_BENH
        WHERE SO_TT = mSTT AND MA_BN = mMA_BN;
  RETURN l_rc;
END;

/
--------------------------------------------------------
--  Constraints for Table CUOC_PT_DIEN_RA
--------------------------------------------------------

  ALTER TABLE "SYSTEM"."CUOC_PT_DIEN_RA" ADD PRIMARY KEY ("MA_CA", "MA_PHONG", "MA_KHU", "MA_CUOC_PT", "MA_BN", "MA_DOT")
  USING INDEX PCTFREE 10 INITRANS 2 MAXTRANS 255 COMPUTE STATISTICS 
  STORAGE(INITIAL 65536 NEXT 1048576 MINEXTENTS 1 MAXEXTENTS 2147483645
  PCTINCREASE 0 FREELISTS 1 FREELIST GROUPS 1 BUFFER_POOL DEFAULT FLASH_CACHE DEFAULT CELL_FLASH_CACHE DEFAULT)
  TABLESPACE "SYSTEM"  ENABLE;
--------------------------------------------------------
--  Constraints for Table BAC_SI
--------------------------------------------------------

  ALTER TABLE "SYSTEM"."BAC_SI" ADD CONSTRAINT "BACSI_PK" PRIMARY KEY ("MA_BAC_SI")
  USING INDEX PCTFREE 10 INITRANS 2 MAXTRANS 255 COMPUTE STATISTICS 
  STORAGE(INITIAL 65536 NEXT 1048576 MINEXTENTS 1 MAXEXTENTS 2147483645
  PCTINCREASE 0 FREELISTS 1 FREELIST GROUPS 1 BUFFER_POOL DEFAULT FLASH_CACHE DEFAULT CELL_FLASH_CACHE DEFAULT)
  TABLESPACE "SYSTEM"  ENABLE;
 
  ALTER TABLE "SYSTEM"."BAC_SI" MODIFY ("MA_BAC_SI" NOT NULL ENABLE);
--------------------------------------------------------
--  Constraints for Table BENH_NHAN
--------------------------------------------------------

  ALTER TABLE "SYSTEM"."BENH_NHAN" MODIFY ("MA_BN" NOT NULL ENABLE);
 
  ALTER TABLE "SYSTEM"."BENH_NHAN" ADD PRIMARY KEY ("MA_BN")
  USING INDEX PCTFREE 10 INITRANS 2 MAXTRANS 255 COMPUTE STATISTICS 
  STORAGE(INITIAL 65536 NEXT 1048576 MINEXTENTS 1 MAXEXTENTS 2147483645
  PCTINCREASE 0 FREELISTS 1 FREELIST GROUPS 1 BUFFER_POOL DEFAULT FLASH_CACHE DEFAULT CELL_FLASH_CACHE DEFAULT)
  TABLESPACE "SYSTEM"  ENABLE;
--------------------------------------------------------
--  Constraints for Table BS_TIEN_HANH_PT
--------------------------------------------------------

  ALTER TABLE "SYSTEM"."BS_TIEN_HANH_PT" ADD PRIMARY KEY ("MA_CUOC_PT", "MA_DOT", "MA_BN", "MA_BS")
  USING INDEX PCTFREE 10 INITRANS 2 MAXTRANS 255 COMPUTE STATISTICS 
  STORAGE(INITIAL 65536 NEXT 1048576 MINEXTENTS 1 MAXEXTENTS 2147483645
  PCTINCREASE 0 FREELISTS 1 FREELIST GROUPS 1 BUFFER_POOL DEFAULT FLASH_CACHE DEFAULT CELL_FLASH_CACHE DEFAULT)
  TABLESPACE "SYSTEM"  ENABLE;
 
  ALTER TABLE "SYSTEM"."BS_TIEN_HANH_PT" MODIFY ("GIA_TREN_GIO" NOT NULL ENABLE);
--------------------------------------------------------
--  Constraints for Table CA_PHONG_NGHI
--------------------------------------------------------

  ALTER TABLE "SYSTEM"."CA_PHONG_NGHI" ADD PRIMARY KEY ("MA_CA", "MA_PHONG", "MA_KHU")
  USING INDEX PCTFREE 10 INITRANS 2 MAXTRANS 255 COMPUTE STATISTICS 
  STORAGE(INITIAL 65536 NEXT 1048576 MINEXTENTS 1 MAXEXTENTS 2147483645
  PCTINCREASE 0 FREELISTS 1 FREELIST GROUPS 1 BUFFER_POOL DEFAULT FLASH_CACHE DEFAULT CELL_FLASH_CACHE DEFAULT)
  TABLESPACE "SYSTEM"  ENABLE;
--------------------------------------------------------
--  Constraints for Table CA_PHONG_PT
--------------------------------------------------------

  ALTER TABLE "SYSTEM"."CA_PHONG_PT" ADD PRIMARY KEY ("MA_CA", "MA_PHONG", "MA_KHU")
  USING INDEX PCTFREE 10 INITRANS 2 MAXTRANS 255 COMPUTE STATISTICS 
  STORAGE(INITIAL 65536 NEXT 1048576 MINEXTENTS 1 MAXEXTENTS 2147483645
  PCTINCREASE 0 FREELISTS 1 FREELIST GROUPS 1 BUFFER_POOL DEFAULT FLASH_CACHE DEFAULT CELL_FLASH_CACHE DEFAULT)
  TABLESPACE "SYSTEM"  ENABLE;
--------------------------------------------------------
--  Constraints for Table CA_TRUC
--------------------------------------------------------

  ALTER TABLE "SYSTEM"."CA_TRUC" MODIFY ("MA_CA_PPT" NOT NULL ENABLE);
--------------------------------------------------------
--  Constraints for Table CUOC_PHAU_THUAT
--------------------------------------------------------

  ALTER TABLE "SYSTEM"."CUOC_PHAU_THUAT" ADD PRIMARY KEY ("MA_CUOC_PT", "MA_DOT", "MA_BN")
  USING INDEX PCTFREE 10 INITRANS 2 MAXTRANS 255 COMPUTE STATISTICS 
  STORAGE(INITIAL 65536 NEXT 1048576 MINEXTENTS 1 MAXEXTENTS 2147483645
  PCTINCREASE 0 FREELISTS 1 FREELIST GROUPS 1 BUFFER_POOL DEFAULT FLASH_CACHE DEFAULT CELL_FLASH_CACHE DEFAULT)
  TABLESPACE "SYSTEM"  ENABLE;
--------------------------------------------------------
--  Constraints for Table DIEU_DUONG_TRUC_PPT
--------------------------------------------------------

  ALTER TABLE "SYSTEM"."DIEU_DUONG_TRUC_PPT" ADD PRIMARY KEY ("MA_CA", "MA_PHONG", "MA_KHU", "MA_NHAN_VIEN")
  USING INDEX PCTFREE 10 INITRANS 2 MAXTRANS 255 COMPUTE STATISTICS 
  STORAGE(INITIAL 65536 NEXT 1048576 MINEXTENTS 1 MAXEXTENTS 2147483645
  PCTINCREASE 0 FREELISTS 1 FREELIST GROUPS 1 BUFFER_POOL DEFAULT FLASH_CACHE DEFAULT CELL_FLASH_CACHE DEFAULT)
  TABLESPACE "SYSTEM"  ENABLE;
--------------------------------------------------------
--  Constraints for Table DON_HANG
--------------------------------------------------------

  ALTER TABLE "SYSTEM"."DON_HANG" MODIFY ("MA_DON_HANG" NOT NULL ENABLE);
 
  ALTER TABLE "SYSTEM"."DON_HANG" ADD PRIMARY KEY ("MA_DON_HANG")
  USING INDEX PCTFREE 10 INITRANS 2 MAXTRANS 255 COMPUTE STATISTICS 
  STORAGE(INITIAL 65536 NEXT 1048576 MINEXTENTS 1 MAXEXTENTS 2147483645
  PCTINCREASE 0 FREELISTS 1 FREELIST GROUPS 1 BUFFER_POOL DEFAULT FLASH_CACHE DEFAULT CELL_FLASH_CACHE DEFAULT)
  TABLESPACE "SYSTEM"  ENABLE;
--------------------------------------------------------
--  Constraints for Table DON_HANG_GOM
--------------------------------------------------------

  ALTER TABLE "SYSTEM"."DON_HANG_GOM" ADD PRIMARY KEY ("MA_DON_HANG", "MA_DUNG_CU")
  USING INDEX PCTFREE 10 INITRANS 2 MAXTRANS 255 COMPUTE STATISTICS 
  STORAGE(INITIAL 65536 NEXT 1048576 MINEXTENTS 1 MAXEXTENTS 2147483645
  PCTINCREASE 0 FREELISTS 1 FREELIST GROUPS 1 BUFFER_POOL DEFAULT FLASH_CACHE DEFAULT CELL_FLASH_CACHE DEFAULT)
  TABLESPACE "SYSTEM"  ENABLE;
--------------------------------------------------------
--  Constraints for Table DOT_DIEU_TRI
--------------------------------------------------------

  ALTER TABLE "SYSTEM"."DOT_DIEU_TRI" MODIFY ("MA_DOT" NOT NULL ENABLE);
 
  ALTER TABLE "SYSTEM"."DOT_DIEU_TRI" MODIFY ("MA_BN" NOT NULL ENABLE);
 
  ALTER TABLE "SYSTEM"."DOT_DIEU_TRI" ADD PRIMARY KEY ("MA_DOT", "MA_BN")
  USING INDEX PCTFREE 10 INITRANS 2 MAXTRANS 255 COMPUTE STATISTICS 
  STORAGE(INITIAL 65536 NEXT 1048576 MINEXTENTS 1 MAXEXTENTS 2147483645
  PCTINCREASE 0 FREELISTS 1 FREELIST GROUPS 1 BUFFER_POOL DEFAULT FLASH_CACHE DEFAULT CELL_FLASH_CACHE DEFAULT)
  TABLESPACE "SYSTEM"  ENABLE;
--------------------------------------------------------
--  Constraints for Table DUNG_CU
--------------------------------------------------------

  ALTER TABLE "SYSTEM"."DUNG_CU" MODIFY ("MA_DUNG_CU" NOT NULL ENABLE);
 
  ALTER TABLE "SYSTEM"."DUNG_CU" ADD PRIMARY KEY ("MA_DUNG_CU")
  USING INDEX PCTFREE 10 INITRANS 2 MAXTRANS 255 COMPUTE STATISTICS 
  STORAGE(INITIAL 65536 NEXT 1048576 MINEXTENTS 1 MAXEXTENTS 2147483645
  PCTINCREASE 0 FREELISTS 1 FREELIST GROUPS 1 BUFFER_POOL DEFAULT FLASH_CACHE DEFAULT CELL_FLASH_CACHE DEFAULT)
  TABLESPACE "SYSTEM"  ENABLE;
--------------------------------------------------------
--  Constraints for Table DUNG_CU_PT
--------------------------------------------------------

  ALTER TABLE "SYSTEM"."DUNG_CU_PT" ADD PRIMARY KEY ("MA_CUOC_PT", "MA_BN", "MA_DOT", "MA_DUNG_CU")
  USING INDEX PCTFREE 10 INITRANS 2 MAXTRANS 255 COMPUTE STATISTICS 
  STORAGE(INITIAL 65536 NEXT 1048576 MINEXTENTS 1 MAXEXTENTS 2147483645
  PCTINCREASE 0 FREELISTS 1 FREELIST GROUPS 1 BUFFER_POOL DEFAULT FLASH_CACHE DEFAULT CELL_FLASH_CACHE DEFAULT)
  TABLESPACE "SYSTEM"  ENABLE;
--------------------------------------------------------
--  Constraints for Table GIUONG
--------------------------------------------------------

  ALTER TABLE "SYSTEM"."GIUONG" ADD PRIMARY KEY ("MA_PHONG", "MA_KHU", "MA_GIUONG")
  USING INDEX PCTFREE 10 INITRANS 2 MAXTRANS 255 COMPUTE STATISTICS 
  STORAGE(INITIAL 65536 NEXT 1048576 MINEXTENTS 1 MAXEXTENTS 2147483645
  PCTINCREASE 0 FREELISTS 1 FREELIST GROUPS 1 BUFFER_POOL DEFAULT FLASH_CACHE DEFAULT CELL_FLASH_CACHE DEFAULT)
  TABLESPACE "SYSTEM"  ENABLE;
--------------------------------------------------------
--  Constraints for Table KE_THUOC_NGOAI_TRU
--------------------------------------------------------

  ALTER TABLE "SYSTEM"."KE_THUOC_NGOAI_TRU" ADD PRIMARY KEY ("SO_TT", "MA_BN", "MA_THUOC")
  USING INDEX PCTFREE 10 INITRANS 2 MAXTRANS 255 COMPUTE STATISTICS 
  STORAGE(INITIAL 65536 NEXT 1048576 MINEXTENTS 1 MAXEXTENTS 2147483645
  PCTINCREASE 0 FREELISTS 1 FREELIST GROUPS 1 BUFFER_POOL DEFAULT FLASH_CACHE DEFAULT CELL_FLASH_CACHE DEFAULT)
  TABLESPACE "SYSTEM"  ENABLE;
--------------------------------------------------------
--  Constraints for Table KE_THUOC_NOI_TRU
--------------------------------------------------------

  ALTER TABLE "SYSTEM"."KE_THUOC_NOI_TRU" ADD PRIMARY KEY ("MA_DOT", "MA_BN", "MA_THUOC")
  USING INDEX PCTFREE 10 INITRANS 2 MAXTRANS 255 COMPUTE STATISTICS 
  STORAGE(INITIAL 65536 NEXT 1048576 MINEXTENTS 1 MAXEXTENTS 2147483645
  PCTINCREASE 0 FREELISTS 1 FREELIST GROUPS 1 BUFFER_POOL DEFAULT FLASH_CACHE DEFAULT CELL_FLASH_CACHE DEFAULT)
  TABLESPACE "SYSTEM"  ENABLE;
--------------------------------------------------------
--  Constraints for Table KHU
--------------------------------------------------------

  ALTER TABLE "SYSTEM"."KHU" MODIFY ("MA_KHU" NOT NULL ENABLE);
 
  ALTER TABLE "SYSTEM"."KHU" ADD PRIMARY KEY ("MA_KHU")
  USING INDEX PCTFREE 10 INITRANS 2 MAXTRANS 255 COMPUTE STATISTICS 
  STORAGE(INITIAL 65536 NEXT 1048576 MINEXTENTS 1 MAXEXTENTS 2147483645
  PCTINCREASE 0 FREELISTS 1 FREELIST GROUPS 1 BUFFER_POOL DEFAULT FLASH_CACHE DEFAULT CELL_FLASH_CACHE DEFAULT)
  TABLESPACE "SYSTEM"  ENABLE;
--------------------------------------------------------
--  Constraints for Table LAN_KHAM_BENH
--------------------------------------------------------

  ALTER TABLE "SYSTEM"."LAN_KHAM_BENH" ADD PRIMARY KEY ("SO_TT", "MA_BN")
  USING INDEX PCTFREE 10 INITRANS 2 MAXTRANS 255 COMPUTE STATISTICS 
  STORAGE(INITIAL 65536 NEXT 1048576 MINEXTENTS 1 MAXEXTENTS 2147483645
  PCTINCREASE 0 FREELISTS 1 FREELIST GROUPS 1 BUFFER_POOL DEFAULT FLASH_CACHE DEFAULT CELL_FLASH_CACHE DEFAULT)
  TABLESPACE "SYSTEM"  ENABLE;
--------------------------------------------------------
--  Constraints for Table LOG_CUOC_PT_DIEN_RA
--------------------------------------------------------

  ALTER TABLE "SYSTEM"."LOG_CUOC_PT_DIEN_RA" ADD CONSTRAINT "LOG_CUOC_PT_DIEN_RA_PK" PRIMARY KEY ("MA_CUOC_PT", "MA_BN", "MA_CA", "MA_PHONG", "MA_KHU")
  USING INDEX PCTFREE 10 INITRANS 2 MAXTRANS 255 
  STORAGE(INITIAL 65536 NEXT 1048576 MINEXTENTS 1 MAXEXTENTS 2147483645
  PCTINCREASE 0 FREELISTS 1 FREELIST GROUPS 1 BUFFER_POOL DEFAULT FLASH_CACHE DEFAULT CELL_FLASH_CACHE DEFAULT)
  TABLESPACE "SYSTEM"  ENABLE;
 
  ALTER TABLE "SYSTEM"."LOG_CUOC_PT_DIEN_RA" MODIFY ("MA_CUOC_PT" NOT NULL ENABLE);
 
  ALTER TABLE "SYSTEM"."LOG_CUOC_PT_DIEN_RA" MODIFY ("MA_BN" NOT NULL ENABLE);
 
  ALTER TABLE "SYSTEM"."LOG_CUOC_PT_DIEN_RA" MODIFY ("MA_CA" NOT NULL ENABLE);
 
  ALTER TABLE "SYSTEM"."LOG_CUOC_PT_DIEN_RA" MODIFY ("MA_PHONG" NOT NULL ENABLE);
 
  ALTER TABLE "SYSTEM"."LOG_CUOC_PT_DIEN_RA" MODIFY ("MA_KHU" NOT NULL ENABLE);
--------------------------------------------------------
--  Constraints for Table NHAN_VIEN
--------------------------------------------------------

  ALTER TABLE "SYSTEM"."NHAN_VIEN" ADD CONSTRAINT "NHANVIEN_PK" PRIMARY KEY ("MA_NHAN_VIEN")
  USING INDEX PCTFREE 10 INITRANS 2 MAXTRANS 255 COMPUTE STATISTICS 
  STORAGE(INITIAL 65536 NEXT 1048576 MINEXTENTS 1 MAXEXTENTS 2147483645
  PCTINCREASE 0 FREELISTS 1 FREELIST GROUPS 1 BUFFER_POOL DEFAULT FLASH_CACHE DEFAULT CELL_FLASH_CACHE DEFAULT)
  TABLESPACE "SYSTEM"  ENABLE;
 
  ALTER TABLE "SYSTEM"."NHAN_VIEN" MODIFY ("MA_NHAN_VIEN" NOT NULL ENABLE);
--------------------------------------------------------
--  Constraints for Table PHONG
--------------------------------------------------------

  ALTER TABLE "SYSTEM"."PHONG" ADD PRIMARY KEY ("MA_PHONG", "MA_KHU")
  USING INDEX PCTFREE 10 INITRANS 2 MAXTRANS 255 COMPUTE STATISTICS 
  STORAGE(INITIAL 65536 NEXT 1048576 MINEXTENTS 1 MAXEXTENTS 2147483645
  PCTINCREASE 0 FREELISTS 1 FREELIST GROUPS 1 BUFFER_POOL DEFAULT FLASH_CACHE DEFAULT CELL_FLASH_CACHE DEFAULT)
  TABLESPACE "SYSTEM"  ENABLE;
--------------------------------------------------------
--  Constraints for Table PHONG_NGHI_BN
--------------------------------------------------------

  ALTER TABLE "SYSTEM"."PHONG_NGHI_BN" ADD PRIMARY KEY ("MA_PHONG", "MA_KHU")
  USING INDEX PCTFREE 10 INITRANS 2 MAXTRANS 255 COMPUTE STATISTICS 
  STORAGE(INITIAL 65536 NEXT 1048576 MINEXTENTS 1 MAXEXTENTS 2147483645
  PCTINCREASE 0 FREELISTS 1 FREELIST GROUPS 1 BUFFER_POOL DEFAULT FLASH_CACHE DEFAULT CELL_FLASH_CACHE DEFAULT)
  TABLESPACE "SYSTEM"  ENABLE;
--------------------------------------------------------
--  Constraints for Table PHONG_PHAU_THUAT
--------------------------------------------------------

  ALTER TABLE "SYSTEM"."PHONG_PHAU_THUAT" ADD PRIMARY KEY ("MA_PHONG", "MA_KHU")
  USING INDEX PCTFREE 10 INITRANS 2 MAXTRANS 255 COMPUTE STATISTICS 
  STORAGE(INITIAL 65536 NEXT 1048576 MINEXTENTS 1 MAXEXTENTS 2147483645
  PCTINCREASE 0 FREELISTS 1 FREELIST GROUPS 1 BUFFER_POOL DEFAULT FLASH_CACHE DEFAULT CELL_FLASH_CACHE DEFAULT)
  TABLESPACE "SYSTEM"  ENABLE;
--------------------------------------------------------
--  Constraints for Table SDT_BENH_NHAN
--------------------------------------------------------

  ALTER TABLE "SYSTEM"."SDT_BENH_NHAN" MODIFY ("MA_BN" NOT NULL ENABLE);
 
  ALTER TABLE "SYSTEM"."SDT_BENH_NHAN" ADD PRIMARY KEY ("MA_BN", "SDT")
  USING INDEX PCTFREE 10 INITRANS 2 MAXTRANS 255 COMPUTE STATISTICS 
  STORAGE(INITIAL 65536 NEXT 1048576 MINEXTENTS 1 MAXEXTENTS 2147483645
  PCTINCREASE 0 FREELISTS 1 FREELIST GROUPS 1 BUFFER_POOL DEFAULT FLASH_CACHE DEFAULT CELL_FLASH_CACHE DEFAULT)
  TABLESPACE "SYSTEM"  ENABLE;
--------------------------------------------------------
--  Constraints for Table SDT_NHAN_VIEN
--------------------------------------------------------

  ALTER TABLE "SYSTEM"."SDT_NHAN_VIEN" ADD CONSTRAINT "SDTNHANVIEN_PK" PRIMARY KEY ("MA_NV", "SDT")
  USING INDEX PCTFREE 10 INITRANS 2 MAXTRANS 255 COMPUTE STATISTICS 
  STORAGE(INITIAL 65536 NEXT 1048576 MINEXTENTS 1 MAXEXTENTS 2147483645
  PCTINCREASE 0 FREELISTS 1 FREELIST GROUPS 1 BUFFER_POOL DEFAULT FLASH_CACHE DEFAULT CELL_FLASH_CACHE DEFAULT)
  TABLESPACE "SYSTEM"  ENABLE;
 
  ALTER TABLE "SYSTEM"."SDT_NHAN_VIEN" MODIFY ("MA_NV" NOT NULL ENABLE);
--------------------------------------------------------
--  Constraints for Table THONG_KE_TIEN_PT
--------------------------------------------------------

  ALTER TABLE "SYSTEM"."THONG_KE_TIEN_PT" MODIFY ("MA_BS" NOT NULL ENABLE);
 
  ALTER TABLE "SYSTEM"."THONG_KE_TIEN_PT" MODIFY ("THANG" NOT NULL ENABLE);
 
  ALTER TABLE "SYSTEM"."THONG_KE_TIEN_PT" ADD CONSTRAINT "THONG_KE_TIEN_PT_PK" PRIMARY KEY ("MA_BS", "THANG")
  USING INDEX PCTFREE 10 INITRANS 2 MAXTRANS 255 COMPUTE STATISTICS 
  STORAGE(INITIAL 65536 NEXT 1048576 MINEXTENTS 1 MAXEXTENTS 2147483645
  PCTINCREASE 0 FREELISTS 1 FREELIST GROUPS 1 BUFFER_POOL DEFAULT FLASH_CACHE DEFAULT CELL_FLASH_CACHE DEFAULT)
  TABLESPACE "SYSTEM"  ENABLE;
--------------------------------------------------------
--  Constraints for Table THUOC
--------------------------------------------------------

  ALTER TABLE "SYSTEM"."THUOC" MODIFY ("MA_THUOC" NOT NULL ENABLE);
 
  ALTER TABLE "SYSTEM"."THUOC" ADD PRIMARY KEY ("MA_THUOC")
  USING INDEX PCTFREE 10 INITRANS 2 MAXTRANS 255 COMPUTE STATISTICS 
  STORAGE(INITIAL 65536 NEXT 1048576 MINEXTENTS 1 MAXEXTENTS 2147483645
  PCTINCREASE 0 FREELISTS 1 FREELIST GROUPS 1 BUFFER_POOL DEFAULT FLASH_CACHE DEFAULT CELL_FLASH_CACHE DEFAULT)
  TABLESPACE "SYSTEM"  ENABLE;
--------------------------------------------------------
--  Constraints for Table TIEN_SU_BENH
--------------------------------------------------------

  ALTER TABLE "SYSTEM"."TIEN_SU_BENH" MODIFY ("MA_BN" NOT NULL ENABLE);
 
  ALTER TABLE "SYSTEM"."TIEN_SU_BENH" ADD PRIMARY KEY ("MA_BN", "TIEN_SU_BENH")
  USING INDEX PCTFREE 10 INITRANS 2 MAXTRANS 255 COMPUTE STATISTICS 
  STORAGE(INITIAL 65536 NEXT 1048576 MINEXTENTS 1 MAXEXTENTS 2147483645
  PCTINCREASE 0 FREELISTS 1 FREELIST GROUPS 1 BUFFER_POOL DEFAULT FLASH_CACHE DEFAULT CELL_FLASH_CACHE DEFAULT)
  TABLESPACE "SYSTEM"  ENABLE;
--------------------------------------------------------
--  Constraints for Table TRANG_BI_PHONG
--------------------------------------------------------

  ALTER TABLE "SYSTEM"."TRANG_BI_PHONG" ADD PRIMARY KEY ("MA_PHONG", "MA_KHU", "TRANG_BI")
  USING INDEX PCTFREE 10 INITRANS 2 MAXTRANS 255 COMPUTE STATISTICS 
  STORAGE(INITIAL 65536 NEXT 1048576 MINEXTENTS 1 MAXEXTENTS 2147483645
  PCTINCREASE 0 FREELISTS 1 FREELIST GROUPS 1 BUFFER_POOL DEFAULT FLASH_CACHE DEFAULT CELL_FLASH_CACHE DEFAULT)
  TABLESPACE "SYSTEM"  ENABLE;
