<?xml version="1.0" encoding="UTF-8"?>
<project-private xmlns="http://www.netbeans.org/ns/project-private/1">
    <editor-bookmarks xmlns="http://www.netbeans.org/ns/editor-bookmarks/2" lastBookmarkId="0"/>
    <open-files xmlns="http://www.netbeans.org/ns/projectui-open-files/2">
        <group>
            <file>file:/home/ntphuong/Documents/Database%20systems/hospital_proj/src/hospital_proj/Hospital_proj.java</file>
            <file>file:/home/ntphuong/Documents/Database%20systems/hospital_proj/src/hospital_proj/main_window.java</file>
            <file>file:/home/ntphuong/Documents/Database%20systems/hospital_proj/src/hospital_proj/login.java</file>
        </group>
    </open-files>
</project-private>
